invoice_id,org_id,month,subtotal,credits,taxes,currency,exchange_rate_to_usd
inv_rfnh671p,org_8mdd4v30,2025-06-01,951.0,4.78,199.71,USD,1.03016
inv_j0ak269r,org_8mdd4v30,2025-07-01,819.36,,172.07,USD,1.04544
inv_yohcknew,org_8mdd4v30,2025-08-01,618.66,,129.92,USD,0.98955
inv_s1oqo0j4,org_41ibljh7,2025-06-01,587.88,9.3,123.45,USD,0.96914
inv_eaisdk0o,org_41ibljh7,2025-07-01,444.36,,93.32,USD,1.00291
inv_kk0ojbqu,org_41ibljh7,2025-08-01,283.95,5.78,59.63,USD,0.95534
inv_111vpivx,org_5lxo6qji,2025-06-01,2037.64,,427.9,USD,1.08628
inv_sytp4jul,org_5lxo6qji,2025-07-01,535.14,,112.38,ARS,0.00144
inv_sxl8nv9u,org_5lxo6qji,2025-08-01,1851.84,59.87,388.89,EUR,1.07054
inv_5slsbjlv,org_9t84azyt,2025-06-01,677.45,,142.26,USD,1.03636
inv_y6l1xxx2,org_9t84azyt,2025-07-01,501.32,,105.28,USD,0.95366
inv_n2sua5m4,org_9t84azyt,2025-08-01,793.74,,166.69,ARS,0.00146
inv_rpzh4yyb,org_1t2tala7,2025-06-01,440.01,27.17,92.4,USD,1.03051
inv_khtab92w,org_1t2tala7,2025-07-01,733.71,,154.08,ARS,0.0015
inv_c3bnecjq,org_1t2tala7,2025-08-01,1280.11,,268.82,ARS,0.00154
inv_427u1nvm,org_53lc58dr,2025-06-01,1045.29,,219.51,EUR,1.11029
inv_eagwp82h,org_53lc58dr,2025-07-01,482.04,,101.23,USD,1.10573
inv_6sgl5wr6,org_53lc58dr,2025-08-01,217.58,,45.69,USD,0.97138
inv_mh4qx495,org_874frhoc,2025-06-01,448.43,,94.17,ARS,0.00148
inv_ajgatxpx,org_874frhoc,2025-07-01,450.85,,94.68,USD,0.95791
inv_zqu3o193,org_874frhoc,2025-08-01,719.67,,151.13,USD,0.94852
inv_l8yrr4ck,org_4zw9xa3k,2025-06-01,1144.26,2.25,240.29,USD,1.02789
inv_cekklmsz,org_4zw9xa3k,2025-07-01,716.55,,150.48,ARS,0.00139
inv_clm4f8fw,org_4zw9xa3k,2025-08-01,392.95,19.54,82.52,USD,1.013
inv_5tpwy0tu,org_5935a0l7,2025-06-01,678.43,,142.47,USD,0.95714
inv_zg2vg35x,org_5935a0l7,2025-07-01,1328.13,,278.91,USD,1.0296
inv_dku6jeda,org_5935a0l7,2025-08-01,610.56,,128.22,USD,1.04125
inv_d38youge,org_253j2d54,2025-06-01,1304.26,,273.89,USD,0.93882
inv_4of633bq,org_253j2d54,2025-07-01,605.88,,127.24,EUR,1.14824
inv_6fwsklws,org_253j2d54,2025-08-01,409.19,,85.93,USD,1.00852
inv_i2afi41j,org_7e8g8jdp,2025-06-01,631.17,,132.55,USD,1.02804
inv_ip23rb1w,org_7e8g8jdp,2025-07-01,531.8,,111.68,USD,0.94082
inv_0xwxvtx6,org_7e8g8jdp,2025-08-01,306.2,32.48,64.3,USD,1.02576
inv_poqbt55r,org_0lvsnujz,2025-06-01,1316.02,,276.36,ARS,0.00152
inv_ebxgkya3,org_0lvsnujz,2025-07-01,1600.22,21.0,336.05,USD,1.05778
inv_z5ncy31z,org_0lvsnujz,2025-08-01,675.07,,141.77,USD,1.00193
inv_r7kq9mgm,org_a7tz0ync,2025-06-01,638.06,11.12,133.99,USD,0.91585
inv_5p39vhg9,org_a7tz0ync,2025-07-01,361.09,,75.83,USD,0.96679
inv_p01zulgt,org_a7tz0ync,2025-08-01,242.36,39.74,50.9,ARS,0.00157
inv_yei8p4ye,org_3t60rjiw,2025-06-01,1025.41,47.98,215.34,ARS,0.00147
inv_dn2z2v17,org_3t60rjiw,2025-07-01,427.72,,89.82,USD,1.0094
inv_tz63rrpn,org_3t60rjiw,2025-08-01,945.37,17.44,198.53,USD,1.0106
inv_csqc2vd8,org_1swjckjl,2025-06-01,927.15,,194.7,USD,0.8992
inv_iqwfjrbn,org_1swjckjl,2025-07-01,195.78,20.14,41.11,USD,1.10347
inv_vl0os3x2,org_1swjckjl,2025-08-01,1144.04,,240.25,USD,1.05087
inv_07uj4fqk,org_1n13jcat,2025-06-01,1079.91,2.3,226.78,ARS,0.00153
inv_sd7gdp9i,org_1n13jcat,2025-07-01,826.88,,173.65,USD,1.03005
inv_i37y3d2f,org_1n13jcat,2025-08-01,1335.42,13.87,280.44,USD,0.94846
inv_nc3cii1j,org_9mx2x18h,2025-06-01,756.84,,158.94,USD,0.96162
inv_0f53qb38,org_9mx2x18h,2025-07-01,726.07,,152.48,USD,0.97049
inv_yhedxfe3,org_9mx2x18h,2025-08-01,1452.17,,304.96,USD,1.03888
inv_jwe46xaa,org_afeyuhz1,2025-06-01,-1671.83,3.6,351.08,USD,1.01834
inv_d0xh2mec,org_afeyuhz1,2025-07-01,800.47,,168.1,USD,0.97433
inv_yjxp7x80,org_afeyuhz1,2025-08-01,818.15,19.3,171.81,USD,1.08766
inv_7p2r6u0m,org_5iqvnb4g,2025-06-01,618.03,,129.79,USD,1.03636
inv_2v0mw405,org_5iqvnb4g,2025-07-01,577.18,8.27,121.21,USD,1.05753
inv_g00r5y52,org_5iqvnb4g,2025-08-01,943.51,,198.14,ARS,0.00148
inv_gwj9s8u2,org_0lzjjege,2025-06-01,1179.39,,247.67,ARS,0.00139
inv_87m5c6re,org_0lzjjege,2025-07-01,319.01,5.42,66.99,ARS,0.00146
inv_aguucqb3,org_0lzjjege,2025-08-01,1683.69,16.87,353.57,ARS,0.00154
