touch_id,org_id,campaign,channel,timestamp,clicked,converted
mkt_osc0whs1,org_5iqvnb4g,webinar_finops,email,2025-07-23,False,False
mkt_7vh2d3ls,org_4zw9xa3k,genai_launch,email,2025-06-18,False,False
mkt_11q01yhy,org_9t84azyt,upgrade_pro,ads,2025-06-24,True,True
mkt_rno6cysv,org_0lzjjege,welcome,ads,2025-05-14,False,False
mkt_43irgm5d,org_5lxo6qji,security_week,in_app,2025-07-30,False,False
mkt_7oj98byt,org_253j2d54,genai_launch,event,2025-06-19,True,False
mkt_83892143,org_4zw9xa3k,upgrade_enterprise,ads,2025-08-12,False,False
mkt_11bkhssc,org_a7tz0ync,genai_launch,in_app,2025-07-31,True,False
mkt_1q3dzvwe,org_53lc58dr,webinar_finops,event,2025-05-20,False,False
mkt_8g358gee,org_9mx2x18h,genai_launch,in_app,2025-07-11,False,False
mkt_yy4jufn2,org_5iqvnb4g,upgrade_enterprise,event,2025-07-19,True,False
mkt_kj6xhpd3,org_1t2tala7,upgrade_enterprise,event,2025-07-27,False,False
mkt_fdtnbs5x,org_9mx2x18h,upgrade_enterprise,event,2025-06-05,False,False
mkt_6gfxamhv,org_1n13jcat,upgrade_pro,ads,2025-06-26,True,False
mkt_d7qcq3za,org_5lxo6qji,webinar_finops,event,2025-06-02,True,False
mkt_ikzoieas,org_9mx2x18h,genai_launch,event,2025-06-23,False,False
mkt_t0k9875t,org_5935a0l7,upgrade_pro,in_app,2025-08-17,True,False
mkt_rjib739s,org_9mx2x18h,security_week,in_app,2025-05-17,False,False
mkt_yied48cd,org_7e8g8jdp,webinar_finops,email,2025-07-29,False,False
mkt_liobl7vj,org_9t84azyt,genai_launch,ads,2025-07-23,False,False
mkt_tscjlei6,org_0lvsnujz,upgrade_enterprise,ads,2025-08-07,False,True
mkt_wgl8i9ak,org_a7tz0ync,welcome,event,2025-06-07,True,True
mkt_fd18tlty,org_afeyuhz1,genai_launch,in_app,2025-06-25,True,False
mkt_7w29max6,org_1swjckjl,welcome,email,2025-06-01,False,False
mkt_ebqgbpad,org_9t84azyt,upgrade_enterprise,in_app,2025-08-28,True,False
mkt_tnrp1i36,org_5iqvnb4g,upgrade_pro,ads,2025-05-31,True,True
mkt_0tj2t9o5,org_afeyuhz1,genai_launch,email,2025-08-10,False,False
mkt_a439gf5l,org_53lc58dr,webinar_finops,email,2025-05-19,False,False
mkt_0ta8rd05,org_5935a0l7,upgrade_pro,ads,2025-07-06,False,False
mkt_daydw9f6,org_7e8g8jdp,welcome,event,2025-08-26,True,False
mkt_y5v9jreh,org_874frhoc,upgrade_enterprise,email,2025-06-13,False,False
mkt_xyk2e58f,org_9t84azyt,webinar_finops,ads,2025-08-02,False,False
mkt_ha60v33l,org_253j2d54,upgrade_pro,ads,2025-06-17,False,False
mkt_1r91r0hr,org_9t84azyt,upgrade_pro,ads,2025-05-07,False,False
mkt_jaxnhrc4,org_5935a0l7,welcome,ads,2025-06-02,False,False
mkt_hm08opev,org_41ibljh7,genai_launch,ads,2025-05-22,False,False
mkt_1jmas41r,org_7e8g8jdp,security_week,in_app,2025-08-17,True,False
mkt_mjpcza3s,org_53lc58dr,welcome,event,2025-08-29,True,False
mkt_fgho4qhc,org_7e8g8jdp,webinar_finops,email,2025-08-08,False,False
mkt_puh4gbgo,org_a7tz0ync,upgrade_enterprise,email,2025-07-28,False,False
mkt_khg4g7ni,org_5lxo6qji,upgrade_enterprise,ads,2025-07-01,False,False
mkt_iu01lc5w,org_1t2tala7,upgrade_enterprise,event,2025-08-03,False,False
mkt_9rtd6enm,org_0lvsnujz,genai_launch,ads,2025-07-29,True,False
mkt_b9upeppo,org_5935a0l7,upgrade_enterprise,email,2025-07-18,False,False
mkt_uzhg1gf4,org_9mx2x18h,genai_launch,email,2025-05-09,False,False
mkt_irhrlnf6,org_0lzjjege,security_week,ads,2025-08-14,False,False
mkt_nv5xu6m9,org_253j2d54,upgrade_pro,in_app,2025-08-21,True,False
mkt_qfq9n04f,org_7e8g8jdp,webinar_finops,email,2025-07-29,False,True
mkt_5ms20t3t,org_874frhoc,upgrade_enterprise,event,2025-08-04,True,False
mkt_0cvgfgm1,org_0lzjjege,upgrade_pro,email,2025-08-22,False,False
mkt_hm22snju,org_253j2d54,genai_launch,event,2025-07-30,False,False
mkt_3u1swyut,org_1n13jcat,security_week,event,2025-07-20,False,False
mkt_fefz811i,org_1swjckjl,webinar_finops,event,2025-07-02,False,False
mkt_d07t3ljo,org_41ibljh7,security_week,ads,2025-06-03,False,False
mkt_18k9vak1,org_1t2tala7,genai_launch,ads,2025-05-30,False,False
mkt_umuxqjct,org_4zw9xa3k,webinar_finops,event,2025-05-15,False,True
mkt_pvev64gr,org_a7tz0ync,webinar_finops,ads,2025-08-09,False,False
mkt_6uo3zin1,org_8mdd4v30,welcome,ads,2025-08-24,False,False
mkt_a7kne1yb,org_8mdd4v30,genai_launch,email,2025-05-19,True,False
mkt_7y853j5s,org_8mdd4v30,webinar_finops,ads,2025-06-16,True,False
mkt_0c20x450,org_1t2tala7,webinar_finops,email,2025-06-04,False,False
mkt_uheh3rfw,org_a7tz0ync,genai_launch,in_app,2025-06-21,False,False
mkt_i7reficg,org_7e8g8jdp,security_week,in_app,2025-08-28,False,False
mkt_xloarrxc,org_0lzjjege,genai_launch,ads,2025-08-29,False,False
mkt_975yql1v,org_8mdd4v30,genai_launch,event,2025-07-19,False,True
mkt_sb1pbzvr,org_8mdd4v30,webinar_finops,ads,2025-07-03,False,False
mkt_flvqarjz,org_1n13jcat,genai_launch,ads,2025-07-28,False,False
mkt_k08ct617,org_9t84azyt,welcome,email,2025-07-20,False,False
mkt_39vel08k,org_3t60rjiw,upgrade_enterprise,ads,2025-06-18,False,True
mkt_wdrdpmpc,org_5iqvnb4g,webinar_finops,event,2025-08-21,False,False
mkt_b0e7cxsu,org_41ibljh7,upgrade_pro,in_app,2025-06-13,False,False
mkt_aybgi0rr,org_5935a0l7,webinar_finops,email,2025-06-07,False,False
mkt_0tiaxufv,org_0lzjjege,security_week,in_app,2025-08-01,True,False
mkt_pig3yvr2,org_253j2d54,webinar_finops,in_app,2025-06-22,False,False
mkt_biguj9cw,org_53lc58dr,upgrade_enterprise,event,2025-07-03,False,False
mkt_s6aylld4,org_4zw9xa3k,upgrade_enterprise,ads,2025-08-20,True,False
mkt_3o8jocuj,org_1n13jcat,welcome,email,2025-06-20,False,False
mkt_h31pheiv,org_4zw9xa3k,webinar_finops,in_app,2025-07-13,True,False
mkt_x6lk7iaz,org_0lzjjege,upgrade_pro,email,2025-07-16,False,False
mkt_t67k37fo,org_0lvsnujz,webinar_finops,in_app,2025-07-28,False,False
mkt_w7foe4c5,org_41ibljh7,security_week,event,2025-06-06,True,False
mkt_rkf4ht69,org_8mdd4v30,upgrade_pro,event,2025-07-29,False,False
mkt_obw3j6so,org_0lvsnujz,upgrade_enterprise,ads,2025-06-01,True,True
mkt_g2lbwtbv,org_5iqvnb4g,webinar_finops,event,2025-08-02,False,True
mkt_4aglbd0x,org_5935a0l7,genai_launch,in_app,2025-06-27,False,False
mkt_z1fpr7h4,org_4zw9xa3k,upgrade_enterprise,ads,2025-08-26,True,False
mkt_u95iyub3,org_0lzjjege,upgrade_pro,event,2025-05-28,False,False
mkt_lhs95twb,org_1t2tala7,welcome,in_app,2025-05-15,False,False
mkt_q2p014x5,org_53lc58dr,genai_launch,email,2025-07-28,False,False
mkt_dlwy1p6m,org_a7tz0ync,genai_launch,email,2025-08-12,True,False
mkt_xswy0szk,org_5iqvnb4g,webinar_finops,in_app,2025-08-28,False,False
mkt_bnsh8llr,org_9mx2x18h,security_week,in_app,2025-07-13,False,False
mkt_40cm0tu2,org_1t2tala7,genai_launch,email,2025-08-01,False,False
mkt_aqhknqjg,org_8mdd4v30,upgrade_pro,in_app,2025-08-12,False,True
mkt_oqe09o8a,org_1t2tala7,webinar_finops,event,2025-05-22,True,True
mkt_ey9jvb6h,org_5935a0l7,upgrade_enterprise,email,2025-08-13,False,False
mkt_wlwjojaf,org_253j2d54,upgrade_pro,email,2025-07-08,False,False
mkt_gyn53kbh,org_53lc58dr,upgrade_pro,event,2025-06-05,False,True
mkt_rg6iaqii,org_1n13jcat,upgrade_enterprise,event,2025-05-19,True,True
mkt_jnn0dyk3,org_5iqvnb4g,upgrade_pro,event,2025-06-13,True,False
mkt_fdj2qsvl,org_afeyuhz1,upgrade_enterprise,email,2025-07-28,False,True
mkt_ywlklqbx,org_1swjckjl,welcome,ads,2025-06-16,True,True
mkt_j0ua9o6h,org_874frhoc,security_week,ads,2025-06-06,False,False
mkt_exbnxdxw,org_afeyuhz1,webinar_finops,event,2025-06-23,False,False
mkt_vpajspj0,org_53lc58dr,upgrade_enterprise,event,2025-07-02,False,False
mkt_0vmpqyw5,org_afeyuhz1,upgrade_enterprise,event,2025-07-05,True,False
mkt_j1of25sw,org_5lxo6qji,upgrade_pro,event,2025-06-20,True,False
mkt_ysd6shqb,org_874frhoc,upgrade_enterprise,email,2025-08-28,False,False
mkt_a3rnqf3a,org_1t2tala7,upgrade_enterprise,in_app,2025-08-01,False,False
mkt_x9dxznkq,org_8mdd4v30,genai_launch,ads,2025-08-25,True,False
mkt_85vif81j,org_5lxo6qji,security_week,email,2025-08-20,False,False
mkt_ezul4ae6,org_0lvsnujz,upgrade_enterprise,email,2025-05-05,False,False
mkt_8rsrkpvi,org_7e8g8jdp,upgrade_pro,event,2025-08-03,False,False
mkt_2c7rwe9e,org_5iqvnb4g,upgrade_pro,event,2025-05-19,False,True
mkt_jmgl1rlc,org_7e8g8jdp,webinar_finops,event,2025-07-06,True,False
mkt_em2fitgu,org_1swjckjl,upgrade_pro,ads,2025-07-23,False,False
mkt_2z7mb41g,org_5935a0l7,webinar_finops,email,2025-08-15,False,False
mkt_6zlkw5e1,org_5iqvnb4g,genai_launch,in_app,2025-08-14,True,False
mkt_n6clpdix,org_1swjckjl,security_week,in_app,2025-06-02,True,False
mkt_cvtfhakr,org_41ibljh7,security_week,ads,2025-06-12,False,False
mkt_icx7fnba,org_1swjckjl,security_week,ads,2025-07-04,True,False
mkt_buxhwrrv,org_1t2tala7,genai_launch,in_app,2025-08-12,False,False
mkt_axgumdf4,org_253j2d54,upgrade_pro,email,2025-08-26,False,False
mkt_nzkrsn8l,org_1t2tala7,welcome,in_app,2025-07-22,False,False
mkt_0uw6ik20,org_7e8g8jdp,genai_launch,in_app,2025-06-16,False,False
mkt_e2fdzlto,org_1swjckjl,genai_launch,in_app,2025-06-09,False,False
mkt_b0qm6ut6,org_9mx2x18h,upgrade_pro,email,2025-08-17,False,False
mkt_bdj532fp,org_4zw9xa3k,genai_launch,in_app,2025-05-18,False,False
mkt_f3uz3aoe,org_5iqvnb4g,welcome,in_app,2025-05-16,True,False
mkt_ssjnj8th,org_1swjckjl,genai_launch,in_app,2025-08-07,False,False
mkt_to0wzn4x,org_1n13jcat,webinar_finops,ads,2025-07-06,False,False
mkt_j765va97,org_5935a0l7,genai_launch,ads,2025-07-23,False,False
mkt_or2tyzc5,org_41ibljh7,upgrade_pro,event,2025-07-01,False,True
mkt_4qjd7b52,org_1swjckjl,security_week,event,2025-06-29,False,False
mkt_xovyxhzp,org_874frhoc,webinar_finops,email,2025-05-13,False,False
mkt_ix1sknxd,org_0lvsnujz,webinar_finops,email,2025-08-04,False,False
mkt_cn0cl5nk,org_0lzjjege,welcome,in_app,2025-06-07,False,False
mkt_di2qg6tu,org_874frhoc,welcome,email,2025-06-19,True,False
mkt_pcc3zkgy,org_0lvsnujz,genai_launch,email,2025-07-22,False,False
mkt_szm6vduq,org_5935a0l7,welcome,email,2025-05-25,False,False
mkt_yif5d9re,org_5iqvnb4g,upgrade_enterprise,ads,2025-06-01,False,False
mkt_69rea3y0,org_1t2tala7,webinar_finops,in_app,2025-07-06,True,False
mkt_nz3ha6cb,org_1t2tala7,welcome,in_app,2025-07-01,True,False
mkt_4tbs9izk,org_9t84azyt,webinar_finops,email,2025-08-20,False,False
mkt_s3fewsm9,org_5iqvnb4g,genai_launch,event,2025-05-17,True,False
mkt_1kqzjqam,org_5iqvnb4g,genai_launch,ads,2025-08-28,True,False
mkt_sr5et3h7,org_1t2tala7,welcome,in_app,2025-06-04,False,True
mkt_txyz8akv,org_41ibljh7,upgrade_enterprise,email,2025-07-22,False,True
mkt_l777k1d8,org_1swjckjl,webinar_finops,in_app,2025-05-27,False,False
mkt_g8u6mqbi,org_0lzjjege,welcome,ads,2025-07-21,False,False
mkt_afhe0fwc,org_0lvsnujz,upgrade_enterprise,event,2025-07-03,True,True
mkt_gnzfzunq,org_0lzjjege,upgrade_pro,event,2025-07-29,True,False
mkt_5h0jhk0i,org_1n13jcat,welcome,email,2025-06-10,False,False
mkt_oklf43rs,org_253j2d54,security_week,in_app,2025-05-15,False,True
mkt_asvi1x1v,org_253j2d54,security_week,ads,2025-06-17,True,False
mkt_h3ji9pvm,org_253j2d54,security_week,email,2025-06-23,True,False
mkt_tm12lc9b,org_5935a0l7,welcome,email,2025-05-05,False,False
mkt_gjq0aqk7,org_4zw9xa3k,webinar_finops,email,2025-07-15,False,False
mkt_11uzq6rf,org_53lc58dr,genai_launch,event,2025-07-14,False,False
mkt_8lw7y8au,org_5lxo6qji,genai_launch,in_app,2025-05-12,True,False
mkt_a9agulm5,org_1t2tala7,security_week,in_app,2025-05-27,False,False
mkt_4ngydbni,org_1swjckjl,genai_launch,email,2025-08-07,False,False
mkt_23wvlcx7,org_5935a0l7,upgrade_pro,event,2025-08-30,False,False
mkt_mm1hqb1e,org_253j2d54,webinar_finops,in_app,2025-08-02,False,True
mkt_siwfviuc,org_53lc58dr,upgrade_pro,event,2025-05-11,False,False
mkt_lhq2eaes,org_9mx2x18h,security_week,event,2025-05-29,False,False
mkt_lfdttnib,org_41ibljh7,upgrade_pro,ads,2025-07-13,False,False
mkt_baejz286,org_4zw9xa3k,webinar_finops,event,2025-08-04,True,False
mkt_fy71knck,org_0lzjjege,webinar_finops,email,2025-07-20,False,True
mkt_q2ygynki,org_0lzjjege,genai_launch,event,2025-08-10,False,False
mkt_v90h7jaj,org_5935a0l7,upgrade_enterprise,email,2025-08-23,False,False
mkt_crfmksli,org_1t2tala7,upgrade_pro,email,2025-08-21,True,False
mkt_1va1qoxm,org_5935a0l7,upgrade_pro,ads,2025-08-31,True,True
mkt_w6b9w5zq,org_5iqvnb4g,upgrade_enterprise,email,2025-06-28,False,False
mkt_ql3e49yw,org_1swjckjl,upgrade_pro,email,2025-08-05,True,False
mkt_nwgu9b8i,org_1t2tala7,upgrade_enterprise,event,2025-06-05,False,False
mkt_6jbp33gi,org_8mdd4v30,welcome,in_app,2025-08-13,True,False
mkt_3um94w73,org_0lzjjege,webinar_finops,event,2025-08-15,True,False
mkt_esq790vo,org_7e8g8jdp,welcome,in_app,2025-06-24,False,True
mkt_q4x55pb4,org_8mdd4v30,welcome,ads,2025-07-22,False,True
mkt_w6c8hs28,org_253j2d54,upgrade_enterprise,event,2025-05-15,True,False
mkt_0gkh8vxp,org_5lxo6qji,upgrade_pro,event,2025-07-20,False,False
mkt_bnlma4ac,org_253j2d54,genai_launch,email,2025-06-23,True,False
mkt_kkwjsv0z,org_1t2tala7,welcome,email,2025-07-18,True,False
mkt_bw66v3jr,org_5935a0l7,security_week,in_app,2025-07-07,False,False
mkt_1njkiksm,org_874frhoc,genai_launch,ads,2025-08-22,False,False
mkt_v4qqj3a1,org_3t60rjiw,webinar_finops,email,2025-08-21,True,False
mkt_pmlqhdlq,org_afeyuhz1,upgrade_enterprise,email,2025-08-03,False,False
mkt_h1cv2xb4,org_0lvsnujz,welcome,email,2025-07-23,True,False
mkt_02nmsikj,org_5iqvnb4g,upgrade_enterprise,email,2025-07-31,True,False
mkt_049dd5s0,org_8mdd4v30,security_week,event,2025-05-14,False,True
mkt_xxsykqvo,org_5iqvnb4g,upgrade_pro,email,2025-08-20,False,False
mkt_x2n5zane,org_1t2tala7,welcome,email,2025-06-30,False,False
mkt_gvka65fz,org_9t84azyt,security_week,ads,2025-06-16,True,False
mkt_2rimc6y1,org_8mdd4v30,welcome,in_app,2025-08-02,False,False
mkt_ol5rkh87,org_7e8g8jdp,webinar_finops,event,2025-08-05,False,False
mkt_l3m871ng,org_5935a0l7,genai_launch,event,2025-07-29,False,False
mkt_dht8d610,org_41ibljh7,upgrade_pro,in_app,2025-05-07,False,False
mkt_pe74add0,org_4zw9xa3k,security_week,email,2025-05-06,True,False
mkt_gn7rvxq5,org_5935a0l7,webinar_finops,event,2025-07-05,False,False
mkt_v1j308ip,org_53lc58dr,welcome,ads,2025-08-27,True,False
mkt_2lw7zrtq,org_7e8g8jdp,welcome,email,2025-06-08,True,False
mkt_j8cw8n57,org_afeyuhz1,welcome,in_app,2025-07-28,False,True
mkt_wpvi06b8,org_a7tz0ync,security_week,email,2025-06-17,True,False
mkt_jxbcwsba,org_9mx2x18h,webinar_finops,event,2025-08-18,False,False
mkt_qwy2nb95,org_1swjckjl,security_week,ads,2025-06-25,False,False
mkt_7nrskoqv,org_3t60rjiw,upgrade_enterprise,email,2025-06-24,False,False
mkt_l6rnkwxz,org_53lc58dr,security_week,ads,2025-07-05,True,False
mkt_u803jw6r,org_3t60rjiw,genai_launch,in_app,2025-08-08,False,False
mkt_9qzj9yr3,org_5iqvnb4g,welcome,ads,2025-06-05,False,False
mkt_3ikuzu9s,org_3t60rjiw,webinar_finops,event,2025-07-29,False,True
mkt_dcmyxbd0,org_afeyuhz1,welcome,email,2025-05-24,False,False
mkt_1wcgv6lr,org_9mx2x18h,upgrade_pro,event,2025-07-19,False,False
mkt_9yx6yinw,org_3t60rjiw,welcome,in_app,2025-08-31,False,False
mkt_s1o7d3y8,org_9t84azyt,upgrade_pro,email,2025-08-21,False,False
mkt_yco8rbt4,org_53lc58dr,genai_launch,email,2025-06-27,False,True
mkt_39zvyec5,org_9t84azyt,welcome,event,2025-06-23,False,False
mkt_udotuqaj,org_7e8g8jdp,webinar_finops,email,2025-07-05,True,False
mkt_niskywco,org_0lvsnujz,webinar_finops,email,2025-06-10,True,False
mkt_ah35qrr4,org_874frhoc,upgrade_enterprise,event,2025-08-02,False,False
mkt_tlinj1q3,org_41ibljh7,webinar_finops,in_app,2025-05-18,False,False
mkt_ktbk5p24,org_9t84azyt,security_week,email,2025-08-26,False,False
mkt_pqs2fnuk,org_253j2d54,security_week,ads,2025-05-19,False,False
mkt_m7y1uvjy,org_41ibljh7,upgrade_pro,email,2025-08-22,False,False
mkt_tmp4nvv7,org_1t2tala7,upgrade_enterprise,event,2025-07-01,False,False
mkt_8zoheotb,org_253j2d54,webinar_finops,email,2025-06-01,True,False
mkt_pyd819et,org_253j2d54,upgrade_pro,event,2025-07-15,False,False
mkt_pg2o8xgh,org_a7tz0ync,webinar_finops,ads,2025-07-02,False,False
mkt_iy1bfw7j,org_1n13jcat,upgrade_pro,ads,2025-08-29,False,False
mkt_mlf2l9o9,org_41ibljh7,webinar_finops,ads,2025-08-10,False,False
mkt_8n2r48tw,org_253j2d54,security_week,ads,2025-07-04,True,False
mkt_cr6d86u8,org_253j2d54,welcome,in_app,2025-07-16,False,False
mkt_7sh2c23u,org_1swjckjl,genai_launch,ads,2025-08-15,False,False
mkt_2g3rxokp,org_5lxo6qji,upgrade_enterprise,event,2025-08-24,False,False
mkt_ga8sr6yh,org_afeyuhz1,genai_launch,ads,2025-08-02,False,False
mkt_a2m7k498,org_0lzjjege,upgrade_enterprise,ads,2025-06-23,False,False
mkt_6k33ufev,org_8mdd4v30,welcome,event,2025-08-21,True,False
mkt_dgkrjwtg,org_5iqvnb4g,webinar_finops,in_app,2025-08-30,False,False
mkt_edbznmtr,org_9mx2x18h,upgrade_enterprise,email,2025-06-06,False,False
mkt_y8ocvf34,org_3t60rjiw,upgrade_enterprise,email,2025-08-14,False,False
mkt_lre7pi8w,org_41ibljh7,upgrade_enterprise,email,2025-08-31,False,False
mkt_apcbflun,org_5iqvnb4g,genai_launch,in_app,2025-05-15,False,False
mkt_1040vrss,org_afeyuhz1,upgrade_enterprise,event,2025-08-06,True,False
mkt_rdpmby23,org_5lxo6qji,genai_launch,ads,2025-06-21,False,False
mkt_cifl79r9,org_53lc58dr,welcome,email,2025-05-15,False,False
mkt_acobtegu,org_5iqvnb4g,webinar_finops,email,2025-06-01,True,False
mkt_rt1rwvng,org_a7tz0ync,upgrade_pro,ads,2025-05-26,False,True
mkt_56bfyw37,org_1t2tala7,welcome,ads,2025-07-25,False,False
mkt_2viuadj7,org_53lc58dr,security_week,ads,2025-07-01,True,False
mkt_25u0332w,org_9mx2x18h,webinar_finops,in_app,2025-07-27,True,False
mkt_04nxv50o,org_9t84azyt,upgrade_pro,ads,2025-06-01,False,False
mkt_dzfwqval,org_9t84azyt,genai_launch,ads,2025-08-14,False,False
mkt_bna0236q,org_253j2d54,upgrade_enterprise,ads,2025-07-25,False,False
mkt_6jr8fl9v,org_253j2d54,genai_launch,email,2025-06-11,False,False
mkt_09kgw8c4,org_9mx2x18h,webinar_finops,in_app,2025-06-21,False,False
mkt_ag1qicxb,org_3t60rjiw,upgrade_pro,email,2025-05-31,False,False
mkt_vqiixkuo,org_9t84azyt,welcome,ads,2025-08-24,True,False
mkt_gw9hne0r,org_0lvsnujz,upgrade_enterprise,in_app,2025-06-23,False,False
mkt_s48iw5xn,org_1t2tala7,upgrade_enterprise,event,2025-05-19,True,False
mkt_qdz98jhe,org_8mdd4v30,upgrade_pro,ads,2025-08-03,False,False
mkt_17o7pnud,org_8mdd4v30,upgrade_pro,in_app,2025-07-28,False,False
mkt_53qe5eea,org_5935a0l7,welcome,in_app,2025-08-02,False,False
mkt_vyqdk9xm,org_5935a0l7,welcome,event,2025-07-07,False,False
mkt_ba7obbc8,org_1t2tala7,genai_launch,ads,2025-07-05,False,False
mkt_3y0clccv,org_7e8g8jdp,upgrade_pro,email,2025-05-21,False,True
mkt_pvec9t5a,org_3t60rjiw,security_week,in_app,2025-06-04,True,False
mkt_dmzvxy16,org_9t84azyt,webinar_finops,email,2025-05-09,False,False
mkt_zgrrvgmd,org_1swjckjl,genai_launch,email,2025-06-11,False,False
mkt_fzjoigo5,org_253j2d54,webinar_finops,in_app,2025-07-03,False,False
mkt_jwfq84gd,org_5lxo6qji,upgrade_pro,email,2025-06-14,True,True
mkt_dof83gae,org_7e8g8jdp,upgrade_enterprise,in_app,2025-05-21,False,False
mkt_dmlav3w9,org_253j2d54,upgrade_pro,event,2025-08-01,True,False
mkt_o01e4znz,org_1n13jcat,genai_launch,email,2025-07-14,False,False
mkt_9gm5hn1d,org_53lc58dr,security_week,event,2025-05-24,False,False
mkt_y292iz1q,org_41ibljh7,genai_launch,email,2025-06-22,True,False
mkt_asjp0esu,org_7e8g8jdp,security_week,ads,2025-07-04,True,False
mkt_q6x5ld8q,org_253j2d54,upgrade_enterprise,ads,2025-07-13,True,False
mkt_39yr8h9x,org_8mdd4v30,genai_launch,event,2025-08-07,False,False
mkt_2lbimnz9,org_1t2tala7,welcome,in_app,2025-08-11,False,False
mkt_ixdwr024,org_5935a0l7,upgrade_pro,event,2025-07-26,False,False
mkt_y13vw40f,org_1swjckjl,webinar_finops,ads,2025-07-10,False,True
mkt_7bcu5sxq,org_1t2tala7,security_week,event,2025-07-13,False,False
mkt_kqbkurt6,org_8mdd4v30,upgrade_enterprise,event,2025-07-05,False,False
mkt_267cgfx3,org_253j2d54,welcome,in_app,2025-06-24,False,False
mkt_pyap3jfw,org_41ibljh7,genai_launch,event,2025-07-15,False,False
mkt_79gqqqjr,org_4zw9xa3k,genai_launch,event,2025-06-26,False,False
mkt_1bpfwsq7,org_3t60rjiw,security_week,event,2025-05-17,False,False
mkt_pnzxkcb9,org_afeyuhz1,genai_launch,email,2025-05-06,True,False
mkt_7iygc9g6,org_874frhoc,webinar_finops,ads,2025-06-16,True,False
mkt_koe2hk72,org_9t84azyt,webinar_finops,event,2025-07-13,False,False
mkt_bmjluupg,org_874frhoc,upgrade_enterprise,event,2025-07-02,False,False
mkt_nifpvdey,org_9mx2x18h,genai_launch,email,2025-07-04,False,False
mkt_cznyctop,org_8mdd4v30,genai_launch,event,2025-07-11,False,False
mkt_1k8j0kka,org_3t60rjiw,upgrade_enterprise,email,2025-05-14,True,False
mkt_5cpqrt3m,org_afeyuhz1,genai_launch,ads,2025-05-27,False,False
mkt_jblineew,org_7e8g8jdp,security_week,ads,2025-07-25,False,False
mkt_kihpy36z,org_3t60rjiw,security_week,event,2025-05-27,False,False
mkt_ur1boczk,org_5lxo6qji,upgrade_enterprise,in_app,2025-08-10,False,False
mkt_7f4ygf76,org_afeyuhz1,welcome,in_app,2025-06-16,False,False
mkt_t5q21g07,org_0lvsnujz,genai_launch,email,2025-07-31,False,False
mkt_pc0oxihw,org_874frhoc,upgrade_enterprise,event,2025-07-30,True,False
mkt_fj18lm6s,org_1swjckjl,security_week,email,2025-05-29,True,False
mkt_l4ykfjra,org_9mx2x18h,upgrade_enterprise,ads,2025-08-20,True,False
mkt_8nhq4hoa,org_a7tz0ync,genai_launch,ads,2025-05-28,True,True
mkt_wqf1clnv,org_1n13jcat,genai_launch,ads,2025-05-31,False,False
mkt_xnzu6mru,org_7e8g8jdp,welcome,in_app,2025-08-18,False,False
mkt_wnn6lxyn,org_874frhoc,upgrade_pro,event,2025-08-03,False,False
mkt_xdcwgk6r,org_afeyuhz1,security_week,event,2025-05-22,True,False
mkt_wjhs1f8g,org_a7tz0ync,upgrade_pro,event,2025-07-31,False,False
mkt_ajgz36n3,org_5iqvnb4g,webinar_finops,event,2025-08-10,True,False
mkt_frluzk3v,org_afeyuhz1,upgrade_pro,in_app,2025-08-21,False,False
mkt_je6ifkat,org_0lvsnujz,security_week,email,2025-06-15,True,False
mkt_no3feuy5,org_8mdd4v30,upgrade_pro,event,2025-07-25,False,False
mkt_pf15wr99,org_1t2tala7,webinar_finops,ads,2025-06-21,False,False
mkt_z2a5i8jn,org_afeyuhz1,genai_launch,ads,2025-08-26,False,False
mkt_mzm4qi31,org_5iqvnb4g,genai_launch,ads,2025-08-08,False,False
mkt_5e1hqbdy,org_253j2d54,upgrade_pro,ads,2025-06-30,True,False
mkt_ihhb1mtr,org_5935a0l7,upgrade_enterprise,event,2025-05-08,False,False
mkt_04rf4lty,org_0lzjjege,genai_launch,event,2025-06-27,False,False
mkt_fiajijnl,org_5lxo6qji,welcome,event,2025-06-28,False,False
mkt_ptzzz6ct,org_874frhoc,upgrade_pro,in_app,2025-08-27,True,False
mkt_0almwnmj,org_0lvsnujz,webinar_finops,email,2025-08-21,False,False
mkt_l94mopa9,org_874frhoc,welcome,email,2025-05-31,False,False
mkt_4d8xerfh,org_1n13jcat,upgrade_pro,event,2025-08-31,False,False
mkt_w6iz1256,org_a7tz0ync,security_week,email,2025-07-05,False,False
mkt_zdcse094,org_1t2tala7,upgrade_enterprise,ads,2025-07-21,True,False
mkt_mg7f10tb,org_0lzjjege,upgrade_pro,ads,2025-07-17,False,False
mkt_81ouvwxo,org_1t2tala7,webinar_finops,ads,2025-06-11,False,False
mkt_mcl1yedz,org_7e8g8jdp,welcome,email,2025-06-05,False,False
mkt_3g9r304a,org_1swjckjl,upgrade_enterprise,event,2025-08-16,False,False
mkt_biscw1pz,org_4zw9xa3k,welcome,event,2025-05-17,True,False
mkt_u6sjjfzp,org_5935a0l7,upgrade_pro,ads,2025-05-11,False,False
mkt_43gmefg9,org_8mdd4v30,webinar_finops,event,2025-08-07,False,False
mkt_o9ih4o8j,org_0lvsnujz,upgrade_enterprise,ads,2025-08-16,False,False
mkt_g78ia619,org_253j2d54,genai_launch,email,2025-07-29,True,False
mkt_rq53utiu,org_41ibljh7,welcome,event,2025-07-31,False,False
mkt_hyh0g0xq,org_9mx2x18h,upgrade_pro,event,2025-06-18,False,False
mkt_7q15whqm,org_afeyuhz1,welcome,ads,2025-06-02,False,False
mkt_n7d922wa,org_874frhoc,genai_launch,ads,2025-07-15,True,False
mkt_7dgt60pv,org_0lvsnujz,upgrade_pro,ads,2025-07-23,True,False
mkt_swso0cis,org_41ibljh7,genai_launch,email,2025-07-24,True,False
mkt_tos7cuwb,org_1swjckjl,webinar_finops,email,2025-06-18,False,False
mkt_xa3sla5g,org_874frhoc,webinar_finops,event,2025-07-09,False,False
mkt_tndy6962,org_53lc58dr,webinar_finops,email,2025-06-06,False,False
mkt_0zx79v37,org_7e8g8jdp,welcome,ads,2025-08-17,True,False
mkt_prddtbxt,org_874frhoc,upgrade_enterprise,email,2025-06-10,False,False
mkt_6yeyxiy4,org_4zw9xa3k,upgrade_pro,email,2025-08-30,False,True
mkt_7hgm5srz,org_9mx2x18h,security_week,in_app,2025-08-17,False,False
mkt_uot8mmdf,org_5lxo6qji,webinar_finops,ads,2025-07-01,False,False
mkt_k5bov303,org_5935a0l7,upgrade_pro,email,2025-07-23,False,False
mkt_6b3yqmpu,org_253j2d54,upgrade_pro,ads,2025-06-28,False,False
mkt_6g4ywkoo,org_1t2tala7,welcome,in_app,2025-05-06,False,False
mkt_75vw2oxe,org_5lxo6qji,genai_launch,email,2025-08-05,False,False
mkt_78hzffgh,org_5iqvnb4g,upgrade_enterprise,in_app,2025-05-25,False,False
mkt_v5qd8c1a,org_5935a0l7,genai_launch,in_app,2025-06-06,False,False
mkt_zadf5jj0,org_1swjckjl,upgrade_pro,in_app,2025-08-11,True,False
mkt_4vtyk1de,org_253j2d54,genai_launch,ads,2025-06-28,True,False
mkt_abimi0g8,org_8mdd4v30,upgrade_pro,ads,2025-05-10,False,False
mkt_7mv5nlzl,org_41ibljh7,upgrade_enterprise,ads,2025-05-16,False,False
mkt_7hvwr3yn,org_5935a0l7,genai_launch,email,2025-08-08,True,False
mkt_aaoo91oa,org_5iqvnb4g,welcome,in_app,2025-07-28,False,False
mkt_uesl4pd8,org_4zw9xa3k,welcome,in_app,2025-05-23,False,False
mkt_mmn9twn7,org_7e8g8jdp,webinar_finops,email,2025-06-18,False,False
mkt_5bcidl8l,org_53lc58dr,security_week,ads,2025-06-29,False,False
mkt_9rt7nwuq,org_53lc58dr,upgrade_enterprise,in_app,2025-08-06,False,False
mkt_66wqx1n6,org_9t84azyt,security_week,event,2025-08-17,False,True
mkt_ojrghr4x,org_8mdd4v30,genai_launch,in_app,2025-06-13,False,False
mkt_3k5b8snt,org_9t84azyt,upgrade_enterprise,in_app,2025-07-19,False,False
mkt_botm1cd4,org_253j2d54,genai_launch,in_app,2025-07-15,False,True
mkt_5wrswg5t,org_8mdd4v30,upgrade_pro,event,2025-06-28,False,False
mkt_0lw3895t,org_5935a0l7,welcome,event,2025-08-21,False,False
mkt_wnazmpwb,org_afeyuhz1,upgrade_pro,event,2025-08-13,False,False
mkt_0f4x6vvw,org_874frhoc,webinar_finops,email,2025-05-23,False,False
mkt_nh83fi4o,org_8mdd4v30,genai_launch,event,2025-07-19,False,True
mkt_42yhfe5w,org_41ibljh7,upgrade_pro,ads,2025-06-10,False,False
mkt_pts0mmbb,org_3t60rjiw,security_week,in_app,2025-07-08,True,False
mkt_su04w4js,org_41ibljh7,security_week,in_app,2025-07-27,True,False
