org_id,survey_date,nps_score,comment
org_8mdd4v30,2025-05-24,19.0,Missing features
org_8mdd4v30,2025-08-26,47.0,Love genAI features
org_41ibljh7,2025-08-11,,Missing features
org_5lxo6qji,2025-06-07,,
org_9t84azyt,2025-06-09,50.0,Love genAI features
org_9t84azyt,2025-08-14,0.0,Stable but slow
org_53lc58dr,2025-07-01,,Great support
org_53lc58dr,2025-07-04,12.0,Love genAI features
org_4zw9xa3k,2025-08-12,48.0,Love genAI features
org_5935a0l7,2025-06-20,20.0,Too expensive
org_5935a0l7,2025-08-21,,Great support
org_253j2d54,2025-08-05,,Stable but slow
org_253j2d54,2025-06-10,35.0,Complex billing
org_7e8g8jdp,2025-06-02,9.0,Complex billing
org_a7tz0ync,2025-05-29,,Love genAI features
org_3t60rjiw,2025-07-30,25.0,Love genAI features
org_3t60rjiw,2025-08-31,34.0,Love genAI features
org_1swjckjl,2025-06-03,13.0,Complex billing
org_1swjckjl,2025-06-19,43.0,Too expensive
org_9mx2x18h,2025-06-02,19.0,Too expensive
org_9mx2x18h,2025-08-08,19.0,Complex billing
org_afeyuhz1,2025-05-24,,Great support
org_afeyuhz1,2025-08-11,5.0,Stable but slow
org_5iqvnb4g,2025-05-31,29.0,Great support
org_0lzjjege,2025-08-08,,Stable but slow
