ticket_id,org_id,category,severity,created_at,resolved_at,csat,sla_breached
tkt_32hzs32d,org_9mx2x18h,availability,low,2025-07-03,2025-07-05,3.0,False
tkt_1jqbexgf,org_1swjckjl,usability,critical,2025-07-18,2025-07-22,4.0,False
tkt_af5kcihd,org_8mdd4v30,security,medium,2025-05-20,2025-06-03,,False
tkt_z6y3z1de,org_3t60rjiw,usability,low,2025-06-11,2025-06-12,5.0,True
tkt_1e1630po,org_5lxo6qji,usability,low,2025-06-11,2025-06-11,,False
tkt_m3v16xeg,org_5iqvnb4g,billing,low,2025-07-24,,,False
tkt_hpmxpkn3,org_53lc58dr,security,medium,2025-06-20,2025-06-20,3.0,False
tkt_qr8o1kjw,org_9t84azyt,usability,medium,2025-06-30,2025-07-05,2.0,False
tkt_vh30qbke,org_53lc58dr,billing,low,2025-06-23,2025-06-23,6.0,False
tkt_9c70pa8j,org_53lc58dr,security,low,2025-07-01,,,False
tkt_x54pegjk,org_a7tz0ync,usability,high,2025-08-01,,,False
tkt_s4i2nr1p,org_5935a0l7,billing,low,2025-07-09,,5.0,False
tkt_oaoejv9l,org_253j2d54,performance,medium,2025-06-09,,3.0,False
tkt_0oo1pvln,org_7e8g8jdp,performance,critical,2025-08-20,2025-08-21,5.0,False
tkt_rq3q7gkt,org_a7tz0ync,security,medium,2025-06-23,,,False
tkt_mqg6nx9o,org_0lzjjege,billing,medium,2025-08-24,2025-08-24,,False
tkt_1nzsxpef,org_afeyuhz1,security,low,2025-08-31,2025-09-01,4.0,False
tkt_a8mlik22,org_5lxo6qji,performance,high,2025-08-18,2025-08-20,,True
tkt_xmq66442,org_874frhoc,availability,medium,2025-05-24,2025-05-27,2.0,False
tkt_sihxodlc,org_9t84azyt,integration,medium,2025-08-09,2025-08-09,2.0,False
tkt_tt058cui,org_253j2d54,availability,low,2025-07-23,,,False
tkt_l2luhhs4,org_5935a0l7,billing,low,2025-07-13,2025-07-22,,False
tkt_u1jtka1c,org_4zw9xa3k,security,low,2025-05-29,2025-06-07,2.0,False
tkt_2zl46q5g,org_9t84azyt,performance,high,2025-06-16,2025-06-16,,False
tkt_w0u92t24,org_0lvsnujz,integration,high,2025-08-23,2025-08-24,2.0,False
tkt_gav42t8l,org_53lc58dr,availability,medium,2025-06-21,,3.0,False
tkt_lihkpj7h,org_53lc58dr,usability,medium,2025-07-09,,,False
tkt_0nqohn3d,org_253j2d54,integration,critical,2025-08-17,2025-08-20,5.0,False
tkt_fz1c25xn,org_1n13jcat,integration,critical,2025-06-28,2025-07-04,,False
tkt_lq6exnwz,org_5iqvnb4g,integration,medium,2025-07-06,2025-07-12,6.0,False
tkt_cdo5digx,org_0lzjjege,usability,low,2025-08-05,2025-08-07,2.0,False
tkt_rmw3uqhw,org_0lzjjege,integration,high,2025-08-24,2025-08-24,4.0,True
tkt_k5lp9c5s,org_9t84azyt,integration,high,2025-08-13,,2.0,True
tkt_k686qe7a,org_9t84azyt,integration,high,2025-07-11,2025-07-14,5.0,False
tkt_og4c8j6e,org_7e8g8jdp,availability,critical,2025-07-31,2025-08-01,3.0,False
tkt_07fpy1ae,org_a7tz0ync,billing,low,2025-08-05,2025-08-07,,False
tkt_qc96mj9n,org_1t2tala7,billing,low,2025-06-24,2025-06-28,2.0,False
tkt_dv5ojzto,org_9t84azyt,usability,low,2025-07-18,2025-07-31,5.0,False
tkt_9iixhaia,org_1n13jcat,availability,low,2025-08-25,2025-08-31,1.0,False
tkt_qubwrp8g,org_8mdd4v30,billing,medium,2025-07-04,2025-07-05,1.0,False
tkt_uucm5fyc,org_4zw9xa3k,billing,high,2025-08-15,2025-08-20,3.0,False
tkt_9hqtylu5,org_9mx2x18h,performance,high,2025-07-24,,,False
tkt_8ftylavz,org_9mx2x18h,performance,medium,2025-05-24,2025-05-26,,False
tkt_v1ggxred,org_0lzjjege,integration,high,2025-05-15,2025-05-17,1.0,False
tkt_8u8nozem,org_874frhoc,security,low,2025-06-26,,,False
tkt_9wm1sav9,org_afeyuhz1,performance,high,2025-06-23,2025-07-02,,False
tkt_6u48gwgh,org_41ibljh7,availability,medium,2025-07-22,,2.0,False
tkt_etmni3go,org_1t2tala7,billing,critical,2025-07-21,,2.0,False
tkt_zsb8lv6t,org_0lzjjege,availability,medium,2025-06-13,,,True
tkt_350sgnz6,org_1t2tala7,availability,medium,2025-08-31,2025-09-19,2.0,False
tkt_50jyook6,org_9mx2x18h,performance,medium,2025-06-08,2025-06-11,4.0,False
tkt_e358tre9,org_1swjckjl,performance,high,2025-08-24,2025-08-24,3.0,True
tkt_qdi3g13i,org_3t60rjiw,billing,high,2025-07-09,2025-07-09,3.0,False
tkt_hlu8m87m,org_4zw9xa3k,availability,medium,2025-07-06,2025-07-08,3.0,False
tkt_xp5cituf,org_9mx2x18h,performance,high,2025-08-03,,4.0,False
tkt_nfdinu31,org_a7tz0ync,billing,medium,2025-06-11,2025-06-11,4.0,False
tkt_eiwucx67,org_3t60rjiw,security,low,2025-08-25,2025-08-27,3.0,False
tkt_g895na2f,org_1t2tala7,integration,low,2025-08-21,2025-09-01,3.0,False
tkt_xk31wbht,org_4zw9xa3k,availability,low,2025-06-28,2025-06-28,3.0,False
tkt_v3rzkdu6,org_5935a0l7,security,medium,2025-05-13,,3.0,False
tkt_g688u595,org_9mx2x18h,integration,low,2025-05-11,2025-05-12,2.0,False
tkt_8lz8cv2a,org_9t84azyt,security,low,2025-07-20,,3.0,False
tkt_m242om7z,org_1n13jcat,security,low,2025-05-10,2025-05-12,2.0,True
tkt_trj67dxl,org_5935a0l7,usability,high,2025-05-11,2025-05-17,3.0,False
tkt_1ccm0w3c,org_1t2tala7,availability,medium,2025-07-04,2025-07-17,4.0,False
tkt_ek035n8c,org_0lvsnujz,performance,high,2025-07-02,2025-07-27,3.0,False
tkt_qphli5l6,org_5935a0l7,usability,critical,2025-05-28,2025-05-30,,False
tkt_asd1wcrv,org_1swjckjl,availability,low,2025-08-13,,3.0,False
tkt_68jq12jf,org_7e8g8jdp,security,low,2025-07-01,2025-07-05,3.0,False
tkt_p3ajfax1,org_3t60rjiw,security,low,2025-07-16,2025-07-24,6.0,False
tkt_djjzqfe8,org_4zw9xa3k,performance,low,2025-05-11,2025-05-15,4.0,False
tkt_e5tnlztw,org_41ibljh7,availability,low,2025-07-10,2025-07-12,3.0,False
tkt_xol4bkuu,org_0lvsnujz,security,critical,2025-08-15,,3.0,False
tkt_5czeccfs,org_253j2d54,integration,high,2025-05-27,2025-05-28,1.0,False
tkt_6fht60ku,org_5iqvnb4g,security,low,2025-08-14,2025-08-18,3.0,False
tkt_sfhvmlje,org_5lxo6qji,performance,low,2025-07-31,,,False
tkt_slhgmrzz,org_8mdd4v30,integration,low,2025-05-30,,4.0,False
tkt_qo17rv2y,org_a7tz0ync,billing,critical,2025-06-14,,6.0,False
tkt_57ge0q5z,org_53lc58dr,usability,low,2025-07-22,2025-07-23,2.0,False
tkt_5zzhjy8g,org_253j2d54,availability,low,2025-07-20,2025-07-21,1.0,False
tkt_2z0kdn3t,org_5lxo6qji,performance,low,2025-07-16,,2.0,False
tkt_e527psqz,org_41ibljh7,security,low,2025-07-12,2025-07-13,5.0,False
tkt_my4iqz6d,org_afeyuhz1,billing,low,2025-06-30,,3.0,False
tkt_f08upnza,org_874frhoc,integration,medium,2025-07-31,2025-08-08,,False
tkt_cj8mo765,org_5iqvnb4g,availability,medium,2025-06-29,2025-07-01,3.0,False
tkt_5cs9ui14,org_1t2tala7,security,low,2025-08-03,2025-08-05,3.0,False
tkt_nijcp52a,org_4zw9xa3k,integration,low,2025-06-11,2025-06-12,5.0,False
tkt_y7ov50ew,org_5lxo6qji,integration,high,2025-08-07,,3.0,False
tkt_pbcd6fxn,org_7e8g8jdp,integration,high,2025-08-27,2025-08-27,,False
tkt_8sn5yz7v,org_1t2tala7,billing,medium,2025-07-21,2025-07-21,,False
tkt_xuqdrmsw,org_1swjckjl,security,low,2025-06-10,2025-06-15,2.0,False
tkt_jjjksl66,org_a7tz0ync,availability,low,2025-08-13,2025-08-14,5.0,False
tkt_tl2ug05w,org_1swjckjl,availability,low,2025-07-28,2025-08-11,3.0,False
tkt_jt4ftlh3,org_8mdd4v30,performance,low,2025-05-22,2025-05-22,3.0,False
tkt_rd4hqfgh,org_9mx2x18h,billing,high,2025-08-15,2025-08-15,6.0,False
tkt_diluvnhd,org_0lzjjege,usability,high,2025-05-16,2025-05-24,,False
tkt_hloikivq,org_a7tz0ync,billing,high,2025-05-19,2025-05-23,4.0,False
tkt_nr06djin,org_1swjckjl,security,medium,2025-06-10,,5.0,False
tkt_9n1d6dzb,org_5935a0l7,usability,medium,2025-06-26,2025-07-05,3.0,True
tkt_c7qk4k6i,org_0lzjjege,billing,low,2025-05-20,2025-05-22,4.0,False
tkt_lsidbx28,org_5lxo6qji,usability,low,2025-06-07,2025-06-09,2.0,False
tkt_7gt76i3h,org_1n13jcat,security,high,2025-07-06,2025-07-09,,False
tkt_0f7ia41s,org_41ibljh7,security,low,2025-06-23,,3.0,False
tkt_4ukigdix,org_afeyuhz1,availability,low,2025-05-26,2025-06-03,2.0,False
tkt_vnkvonnl,org_9mx2x18h,security,low,2025-08-15,2025-08-17,0.0,False
tkt_hapwf520,org_7e8g8jdp,availability,high,2025-07-06,2025-07-14,4.0,False
tkt_f9fzjahs,org_0lvsnujz,security,high,2025-06-09,,1.0,False
tkt_8ju63lxs,org_3t60rjiw,availability,high,2025-06-19,,,False
tkt_fdtn0plc,org_41ibljh7,usability,high,2025-06-15,2025-06-20,3.0,False
tkt_frb7ei5r,org_8mdd4v30,security,low,2025-08-31,2025-09-02,2.0,False
tkt_cvjxzdvy,org_253j2d54,availability,low,2025-06-05,,,False
tkt_zo3i9lli,org_53lc58dr,billing,high,2025-07-25,2025-07-31,2.0,False
tkt_9f5iv86z,org_9t84azyt,usability,medium,2025-07-15,2025-08-06,4.0,False
tkt_p1wz2nar,org_1swjckjl,billing,high,2025-07-19,2025-07-27,2.0,False
tkt_3shlx0st,org_8mdd4v30,performance,low,2025-06-28,2025-07-03,3.0,False
tkt_2r576vil,org_1swjckjl,security,low,2025-05-23,,,False
tkt_vqkxbi6j,org_9t84azyt,availability,medium,2025-08-17,,,False
tkt_xlvb9hxk,org_4zw9xa3k,usability,medium,2025-08-14,,2.0,False
tkt_mmo1ds3h,org_5iqvnb4g,integration,high,2025-05-27,2025-05-28,4.0,False
tkt_gw10c9ix,org_874frhoc,performance,medium,2025-05-10,2025-05-14,3.0,False
tkt_u2cgxu5w,org_1swjckjl,billing,high,2025-06-28,2025-07-06,3.0,False
tkt_ki4epxr9,org_1n13jcat,security,low,2025-07-03,2025-07-10,4.0,False
tkt_eb900yeh,org_1n13jcat,billing,medium,2025-06-02,,3.0,False
tkt_r8pjpf24,org_5iqvnb4g,performance,critical,2025-06-25,2025-07-17,2.0,False
tkt_irjg107r,org_5lxo6qji,security,low,2025-05-10,2025-05-11,4.0,False
tkt_gbg4pdfc,org_3t60rjiw,integration,low,2025-07-14,2025-07-15,4.0,False
tkt_xhqg4qlv,org_8mdd4v30,performance,medium,2025-08-19,,0.0,True
tkt_u2eb0t4u,org_7e8g8jdp,usability,medium,2025-06-07,,1.0,False
tkt_oxz3bg52,org_9t84azyt,security,medium,2025-07-17,2025-07-22,2.0,False
tkt_ib4tctds,org_253j2d54,integration,high,2025-07-26,2025-07-31,3.0,False
tkt_djt3br4f,org_afeyuhz1,usability,high,2025-06-22,2025-06-29,4.0,False
tkt_xa3bl13v,org_874frhoc,integration,medium,2025-07-19,2025-07-22,4.0,False
tkt_0vz9ly2s,org_1n13jcat,security,medium,2025-05-24,2025-05-24,2.0,False
tkt_cjbeo4eu,org_41ibljh7,security,low,2025-07-31,,4.0,False
tkt_7sn1tcjf,org_5iqvnb4g,performance,low,2025-06-28,2025-06-28,3.0,True
tkt_0oawhn2e,org_53lc58dr,availability,high,2025-07-10,2025-07-11,3.0,False
tkt_clces1kt,org_5iqvnb4g,performance,low,2025-06-25,2025-07-01,3.0,False
tkt_ior4v1og,org_5lxo6qji,availability,high,2025-06-16,2025-06-17,5.0,False
tkt_u6w93k8e,org_8mdd4v30,security,low,2025-05-28,,,False
tkt_ovu7pw35,org_4zw9xa3k,integration,low,2025-05-21,2025-05-26,4.0,False
tkt_u8bwaufx,org_a7tz0ync,security,low,2025-08-10,2025-08-15,4.0,True
tkt_ivlx6x6s,org_7e8g8jdp,security,medium,2025-05-15,2025-05-17,3.0,False
tkt_x96upb22,org_9t84azyt,performance,high,2025-07-13,2025-07-14,4.0,False
tkt_karpkfzq,org_5lxo6qji,performance,high,2025-05-12,2025-05-15,,False
tkt_503779u7,org_253j2d54,billing,low,2025-08-12,2025-08-12,3.0,True
tkt_c1a7yj8h,org_53lc58dr,usability,low,2025-06-23,2025-06-25,3.0,False
tkt_lv0gub5k,org_4zw9xa3k,availability,low,2025-07-09,2025-07-09,3.0,False
tkt_b3pkbqy3,org_5lxo6qji,usability,low,2025-07-07,2025-07-08,4.0,False
tkt_c4x56v3d,org_7e8g8jdp,performance,medium,2025-08-01,2025-08-06,3.0,True
tkt_gs9gt0r0,org_afeyuhz1,usability,low,2025-06-06,2025-06-11,3.0,False
tkt_vip35t54,org_5935a0l7,integration,low,2025-06-23,2025-06-25,5.0,False
tkt_gylbi18a,org_9t84azyt,availability,medium,2025-07-10,2025-07-11,2.0,False
tkt_2vzpy9qz,org_7e8g8jdp,usability,medium,2025-06-18,2025-06-20,,False
tkt_o7io2f2n,org_1swjckjl,availability,medium,2025-06-06,2025-06-06,3.0,True
tkt_9yxam97y,org_9mx2x18h,billing,high,2025-05-16,2025-05-18,5.0,False
tkt_vktaf6bl,org_5935a0l7,availability,low,2025-08-03,2025-08-16,4.0,False
tkt_5x51o0lq,org_4zw9xa3k,integration,medium,2025-08-23,2025-08-28,,False
tkt_s88ualry,org_0lzjjege,billing,low,2025-06-11,,4.0,True
tkt_7errbszu,org_9mx2x18h,performance,low,2025-06-13,2025-06-23,,False
tkt_sip4b8j4,org_5iqvnb4g,usability,medium,2025-06-08,2025-06-09,5.0,False
tkt_rje4s4mf,org_5iqvnb4g,usability,medium,2025-08-17,2025-08-19,2.0,True
tkt_el33pcl1,org_874frhoc,availability,low,2025-07-03,,4.0,True
tkt_akdnadij,org_9mx2x18h,security,medium,2025-05-23,,4.0,False
tkt_q26rl0nw,org_afeyuhz1,integration,high,2025-07-01,2025-07-03,,False
tkt_7x887lgu,org_5935a0l7,integration,medium,2025-08-16,2025-08-16,4.0,False
tkt_uw05802x,org_5lxo6qji,usability,low,2025-08-18,2025-08-24,3.0,False
tkt_6qsrer6l,org_4zw9xa3k,usability,low,2025-06-06,,4.0,False
tkt_c4191hkk,org_4zw9xa3k,availability,medium,2025-08-02,2025-08-09,,False
tkt_7x34udc4,org_5iqvnb4g,availability,medium,2025-06-23,2025-06-23,,False
tkt_eyzqqxbv,org_1swjckjl,usability,medium,2025-06-14,2025-06-16,,True
tkt_2ywfmax9,org_a7tz0ync,integration,medium,2025-08-28,2025-09-03,3.0,False
tkt_z4c0x2hy,org_0lzjjege,availability,high,2025-06-20,,1.0,False
tkt_fsts3yqf,org_0lvsnujz,security,low,2025-07-08,2025-07-08,4.0,False
tkt_bz9zqhbq,org_afeyuhz1,performance,medium,2025-07-27,2025-08-01,0.0,False
tkt_iqicb5nt,org_41ibljh7,integration,low,2025-08-29,2025-09-11,,True
tkt_3zrb9opl,org_9t84azyt,integration,low,2025-08-06,2025-08-07,,True
tkt_lv12bvxe,org_5iqvnb4g,usability,low,2025-07-09,2025-07-14,,False
tkt_jaxvt7cz,org_5iqvnb4g,billing,medium,2025-08-18,2025-08-23,3.0,False
tkt_7ov9wxhv,org_afeyuhz1,integration,medium,2025-08-27,2025-08-31,4.0,False
tkt_hkbrjigl,org_1n13jcat,performance,high,2025-06-07,2025-06-11,4.0,True
tkt_qaz6fp9x,org_1swjckjl,security,medium,2025-08-11,2025-08-20,,False
tkt_w87s3487,org_0lvsnujz,usability,low,2025-07-20,,,False
tkt_7upspag3,org_9t84azyt,integration,medium,2025-06-06,2025-06-15,2.0,False
tkt_jbrrd44n,org_0lvsnujz,performance,critical,2025-05-25,2025-05-28,,False
tkt_gk6yulnd,org_1t2tala7,billing,medium,2025-08-03,,3.0,False
tkt_7zkvnijw,org_afeyuhz1,integration,high,2025-08-21,,,False
tkt_9m13otes,org_4zw9xa3k,usability,low,2025-06-04,2025-06-09,,False
tkt_ejr91qup,org_5lxo6qji,integration,medium,2025-07-13,2025-07-15,3.0,False
tkt_wckh3v10,org_1swjckjl,security,medium,2025-08-12,,1.0,False
tkt_dl3af6kk,org_5iqvnb4g,security,high,2025-08-17,2025-08-22,4.0,False
tkt_fedlbgkb,org_3t60rjiw,integration,critical,2025-05-19,2025-05-20,3.0,False
tkt_24w7w8tw,org_4zw9xa3k,usability,high,2025-06-21,2025-07-01,,False
tkt_nl6dmjlx,org_41ibljh7,integration,medium,2025-08-07,2025-08-09,3.0,False
tkt_dw0ycyrn,org_1n13jcat,availability,high,2025-05-18,,4.0,True
tkt_xketugkn,org_0lvsnujz,usability,medium,2025-06-28,2025-06-28,4.0,False
tkt_ibzyfggk,org_0lvsnujz,security,high,2025-08-12,2025-08-17,5.0,False
tkt_dp11ikx0,org_9mx2x18h,security,low,2025-05-27,2025-05-27,,False
tkt_3htncvhz,org_53lc58dr,availability,medium,2025-06-01,,4.0,False
tkt_luerjqen,org_1n13jcat,performance,low,2025-06-01,,,False
tkt_9ssbu7ge,org_9mx2x18h,security,high,2025-06-29,2025-07-01,2.0,False
tkt_v32bh1a4,org_9t84azyt,security,medium,2025-06-03,,,False
tkt_ogn378vp,org_0lvsnujz,usability,high,2025-06-08,2025-06-20,,False
tkt_1qsa11pt,org_a7tz0ync,usability,low,2025-06-27,2025-06-29,0.0,False
tkt_kftuwfv2,org_7e8g8jdp,billing,high,2025-08-03,2025-08-05,,False
tkt_x2cb2pn4,org_9mx2x18h,billing,medium,2025-05-19,2025-05-19,,False
tkt_a0co76o8,org_5lxo6qji,performance,medium,2025-06-11,2025-06-15,3.0,False
tkt_lz2ads83,org_0lvsnujz,security,low,2025-08-27,2025-08-29,5.0,True
tkt_gyziepo7,org_1swjckjl,performance,low,2025-08-14,,,False
tkt_3dgc50i3,org_1t2tala7,availability,low,2025-06-08,,,False
tkt_2buhbcpl,org_a7tz0ync,availability,medium,2025-06-23,2025-06-27,2.0,False
tkt_c60cjbmu,org_9t84azyt,performance,medium,2025-06-04,2025-06-06,,False
tkt_vhgqk820,org_5iqvnb4g,availability,low,2025-07-23,2025-07-24,,False
tkt_2w4oebmq,org_0lzjjege,billing,low,2025-07-14,2025-07-19,,False
tkt_hg3vtl1d,org_3t60rjiw,availability,medium,2025-08-12,2025-08-17,,False
tkt_rz0xv6dd,org_5iqvnb4g,security,low,2025-07-06,2025-07-06,5.0,True
tkt_i37zcgac,org_3t60rjiw,billing,high,2025-05-17,2025-05-21,,False
tkt_p37cdhzg,org_41ibljh7,integration,medium,2025-08-10,,4.0,False
tkt_58xyjwwb,org_a7tz0ync,performance,low,2025-08-23,2025-08-30,4.0,False
tkt_7zvnbi1c,org_9mx2x18h,billing,low,2025-06-05,2025-06-05,5.0,False
tkt_ao8w81ay,org_53lc58dr,usability,low,2025-08-20,2025-09-01,,False
tkt_uam75psz,org_0lzjjege,usability,medium,2025-06-30,2025-07-10,4.0,False
tkt_1ctw689m,org_41ibljh7,billing,low,2025-05-14,2025-05-17,2.0,False
tkt_bzirjyz8,org_5935a0l7,performance,medium,2025-08-31,2025-09-19,1.0,False
tkt_chnj6gdt,org_5935a0l7,performance,high,2025-06-01,2025-06-03,,False
tkt_gcg8zf2l,org_1n13jcat,availability,low,2025-06-05,,3.0,False
tkt_ma1t6sif,org_41ibljh7,performance,low,2025-05-31,2025-06-08,,False
tkt_8iy525fn,org_a7tz0ync,security,low,2025-05-20,,5.0,True
tkt_dmfztgp8,org_4zw9xa3k,availability,low,2025-06-19,2025-06-21,2.0,False
tkt_d20gm62s,org_5iqvnb4g,usability,low,2025-07-10,2025-07-16,5.0,False
tkt_ntcvl0yq,org_253j2d54,integration,medium,2025-07-11,,3.0,False
tkt_u62j8lbd,org_874frhoc,billing,low,2025-06-07,2025-06-17,3.0,False
tkt_2i3qm6dt,org_8mdd4v30,availability,low,2025-05-17,2025-05-25,,False
tkt_0qnv4f0t,org_1n13jcat,usability,medium,2025-05-29,2025-06-04,3.0,False
tkt_ege5ekfh,org_874frhoc,security,high,2025-08-04,2025-08-07,2.0,False
tkt_vyjhmie8,org_253j2d54,billing,medium,2025-05-21,2025-05-25,,True
tkt_16w8minq,org_4zw9xa3k,usability,low,2025-05-26,,5.0,False
tkt_737fentd,org_5lxo6qji,availability,low,2025-07-22,2025-07-23,5.0,False
tkt_62j4xybr,org_4zw9xa3k,availability,medium,2025-08-29,2025-09-02,3.0,True
tkt_qe6xb1z3,org_53lc58dr,security,high,2025-05-27,2025-06-05,,False
tkt_37c7nxxb,org_5935a0l7,usability,critical,2025-07-22,,4.0,False
tkt_8eak8ye7,org_253j2d54,usability,medium,2025-06-11,2025-06-16,2.0,False
tkt_1twd96hh,org_5iqvnb4g,integration,critical,2025-07-22,2025-07-22,,False
tkt_2rl1eh8h,org_1swjckjl,integration,low,2025-06-25,2025-06-29,,False
tkt_4g8on3w9,org_1n13jcat,availability,medium,2025-07-19,2025-07-21,,False
tkt_hx6i62r2,org_1n13jcat,billing,medium,2025-05-18,,3.0,True
tkt_rrcv1exy,org_5iqvnb4g,performance,medium,2025-06-06,,4.0,False
tkt_477y6zle,org_afeyuhz1,integration,low,2025-07-14,2025-07-25,,False
tkt_d1lg8y2w,org_5lxo6qji,performance,critical,2025-06-21,,,False
tkt_gebec41r,org_afeyuhz1,availability,medium,2025-07-25,2025-07-25,2.0,True
tkt_n9uq7rza,org_8mdd4v30,security,low,2025-06-20,2025-06-24,2.0,False
tkt_v75d3nmy,org_8mdd4v30,security,medium,2025-07-10,2025-07-14,4.0,False
tkt_4w6wuumo,org_5935a0l7,availability,low,2025-05-27,2025-05-30,,False
tkt_v1iz4jqi,org_53lc58dr,integration,medium,2025-06-02,2025-06-03,1.0,False
tkt_55jsyxuf,org_874frhoc,performance,low,2025-07-25,2025-07-26,4.0,False
tkt_t1s4jida,org_8mdd4v30,security,high,2025-06-18,2025-06-26,4.0,False
tkt_6sgw2nrv,org_5lxo6qji,performance,high,2025-07-26,2025-07-29,3.0,False
tkt_ditn5kg3,org_4zw9xa3k,security,low,2025-08-22,2025-09-06,3.0,False
tkt_h5ihjqcy,org_5935a0l7,security,high,2025-07-06,,3.0,False
tkt_7giu13gb,org_5lxo6qji,security,high,2025-05-21,2025-05-24,4.0,False
tkt_327aqff2,org_1t2tala7,billing,high,2025-05-25,,4.0,False
tkt_d2v57bmt,org_9mx2x18h,availability,low,2025-07-07,,4.0,False
tkt_fv2vyn1k,org_53lc58dr,billing,medium,2025-07-28,,3.0,False
tkt_z9t30b69,org_5lxo6qji,performance,low,2025-07-06,2025-07-11,4.0,False
tkt_h9kp6ass,org_1swjckjl,availability,low,2025-06-02,2025-06-06,2.0,False
tkt_fl1zopqz,org_5935a0l7,security,medium,2025-05-27,2025-06-09,4.0,True
tkt_dtc5payg,org_874frhoc,security,low,2025-07-26,,3.0,False
tkt_611gqit8,org_4zw9xa3k,integration,medium,2025-06-04,,,False
tkt_dts8mg00,org_1t2tala7,availability,low,2025-07-04,2025-07-13,5.0,False
tkt_ajr1ov9c,org_9t84azyt,performance,medium,2025-06-23,2025-06-24,,False
tkt_8mku1gpt,org_3t60rjiw,integration,medium,2025-05-24,2025-05-25,4.0,False
tkt_5ei7k8ev,org_0lzjjege,billing,low,2025-07-14,2025-07-17,3.0,False
tkt_kbf2e6wp,org_a7tz0ync,performance,high,2025-08-08,2025-08-09,5.0,False
tkt_f36c0ox8,org_8mdd4v30,availability,high,2025-05-15,,3.0,False
tkt_o9lndcmb,org_afeyuhz1,performance,high,2025-08-03,2025-08-05,4.0,False
tkt_2qmk3uhk,org_4zw9xa3k,performance,low,2025-05-25,2025-05-25,2.0,False
tkt_c2yix79p,org_1n13jcat,billing,medium,2025-05-29,2025-06-07,4.0,True
tkt_brtg6c2r,org_7e8g8jdp,security,medium,2025-08-10,2025-08-15,3.0,False
tkt_ra3plcgq,org_7e8g8jdp,security,critical,2025-07-29,2025-07-29,2.0,False
tkt_llx70r3s,org_9t84azyt,integration,low,2025-06-10,2025-06-11,4.0,False
tkt_1k16y0up,org_41ibljh7,security,medium,2025-06-20,,5.0,False
