user_id,org_id,email,role,active,created_at,last_login
user_9tze5r5u,org_3t60rjiw,user_9tze5r5u@example.com,devops,True,2025-07-10,
user_qpgb7r3o,org_afeyuhz1,user_qpgb7r3o@example.com,developer,True,2025-07-15,2025-08-10
user_izzqy72w,org_41ibljh7,user_izzqy72w@example.com,data_engineer,True,2025-08-06,
user_x7ptx63c,org_5iqvnb4g,user_x7ptx63c@example.com,ml_engineer,True,2025-06-20,2025-06-03
user_7srcbplj,org_8mdd4v30,user_7srcbplj@example.com,devops,True,2025-07-12,2025-07-28
user_d84u89yj,org_253j2d54,user_d84u89yj@example.com,ml_engineer,True,2025-06-28,2025-07-24
user_b2knftu2,org_1t2tala7,user_b2knftu2@example.com,data_engineer,True,2025-06-14,2025-07-03
user_gc5wi6fq,org_9t84azyt,user_gc5wi6fq@example.com,data_engineer,True,2025-07-22,2025-08-31
user_mvxpj4hn,org_5lxo6qji,user_mvxpj4hn@example.com,admin,True,2025-06-25,
user_riuu9k9x,org_7e8g8jdp,user_riuu9k9x@example.com,data_engineer,True,2025-06-02,
user_juy0bvr6,org_1n13jcat,user_juy0bvr6@example.com,developer,False,2025-05-14,
user_x4w6xlpu,org_0lvsnujz,user_x4w6xlpu@example.com,ml_engineer,True,2025-08-10,
user_t63j3r30,org_3t60rjiw,user_t63j3r30@example.com,devops,True,2025-07-20,
user_me8f8409,org_a7tz0ync,user_me8f8409@example.com,devops,True,2025-07-02,2025-07-10
user_0s0r2sds,org_53lc58dr,user_0s0r2sds@example.com,devops,True,2025-05-04,
user_cjwtl9tq,org_53lc58dr,user_cjwtl9tq@example.com,analyst,True,2025-06-20,
user_nf7c3dd0,org_1swjckjl,user_nf7c3dd0@example.com,admin,True,2025-06-19,
user_xid4n1u3,org_a7tz0ync,user_xid4n1u3@example.com,data_engineer,True,2025-06-12,2025-06-13
user_ofwb0hpm,org_53lc58dr,user_ofwb0hpm@example.com,admin,True,2025-06-18,
user_yjxrpj1e,org_0lzjjege,user_yjxrpj1e@example.com,ml_engineer,True,2025-05-28,2025-07-14
user_gses6m03,org_0lvsnujz,user_gses6m03@example.com,ml_engineer,True,2025-05-08,2025-07-26
user_cslqc3c5,org_5935a0l7,user_cslqc3c5@example.com,devops,True,2025-07-15,2025-07-18
user_8riec4d1,org_253j2d54,user_8riec4d1@example.com,devops,True,2025-05-22,2025-08-15
user_pk0qtl3q,org_1n13jcat,user_pk0qtl3q@example.com,analyst,True,2025-08-08,2025-07-02
user_4n89qkns,org_afeyuhz1,user_4n89qkns@example.com,data_engineer,True,2025-06-17,
user_cwn2y8fv,org_874frhoc,user_cwn2y8fv@example.com,developer,True,2025-08-03,
user_ehe2atn2,org_5iqvnb4g,user_ehe2atn2@example.com,analyst,True,2025-06-02,2025-08-09
user_3c9xqym5,org_a7tz0ync,user_3c9xqym5@example.com,developer,True,2025-07-24,2025-08-19
user_2xg8p6be,org_41ibljh7,user_2xg8p6be@example.com,ml_engineer,True,2025-06-09,2025-08-21
user_jwtektsg,org_5iqvnb4g,user_jwtektsg@example.com,analyst,True,2025-05-18,2025-06-29
user_rwk8r2yk,org_3t60rjiw,user_rwk8r2yk@example.com,data_engineer,True,2025-05-17,2025-07-29
user_049enulq,org_253j2d54,user_049enulq@example.com,developer,True,2025-05-30,2025-07-23
user_la8s8hmb,org_afeyuhz1,user_la8s8hmb@example.com,data_engineer,True,2025-06-06,2025-07-26
user_01nouhtc,org_1swjckjl,user_01nouhtc@example.com,developer,True,2025-07-12,2025-06-05
user_elrqvslw,org_1n13jcat,user_elrqvslw@example.com,analyst,True,2025-07-05,2025-05-23
user_8dalfyo1,org_253j2d54,user_8dalfyo1@example.com,data_engineer,True,2025-07-10,2025-07-11
user_750cehlx,org_afeyuhz1,user_750cehlx@example.com,analyst,True,2025-05-12,2025-06-27
user_kkzmpjrh,org_9t84azyt,user_kkzmpjrh@example.com,developer,True,2025-05-31,
user_twbozd1a,org_5lxo6qji,user_twbozd1a@example.com,devops,True,2025-07-18,2025-07-21
user_t7o75rh8,org_41ibljh7,user_t7o75rh8@example.com,devops,True,2025-06-03,2025-05-25
user_lx6dut07,org_8mdd4v30,user_lx6dut07@example.com,ml_engineer,True,2025-05-27,2025-06-07
user_efqjg02u,org_1swjckjl,user_efqjg02u@example.com,devops,True,2025-06-05,2025-08-13
user_os6zle6k,org_41ibljh7,user_os6zle6k@example.com,developer,True,2025-05-11,2025-06-13
user_qzcuctsu,org_1n13jcat,user_qzcuctsu@example.com,data_engineer,False,2025-05-07,2025-08-04
user_iaakytt3,org_1t2tala7,user_iaakytt3@example.com,analyst,True,2025-05-16,2025-06-20
user_x74d0gjy,org_1swjckjl,user_x74d0gjy@example.com,admin,True,2025-07-15,
user_ivh6t1nt,org_1swjckjl,user_ivh6t1nt@example.com,admin,True,2025-05-24,2025-08-27
user_6nouhfj7,org_8mdd4v30,user_6nouhfj7@example.com,analyst,True,2025-07-02,2025-06-26
user_gzr7txcb,org_8mdd4v30,user_gzr7txcb@example.com,admin,True,2025-07-02,
user_y36ddfgs,org_7e8g8jdp,user_y36ddfgs@example.com,devops,True,2025-06-22,2025-06-02
user_3jonou9i,org_a7tz0ync,user_3jonou9i@example.com,analyst,True,2025-06-30,2025-07-17
user_yxdw2zcf,org_3t60rjiw,user_yxdw2zcf@example.com,data_engineer,True,2025-07-20,2025-05-23
user_vhdk8lw2,org_53lc58dr,user_vhdk8lw2@example.com,ml_engineer,True,2025-07-27,
user_xmxb9yo1,org_5935a0l7,user_xmxb9yo1@example.com,ml_engineer,True,2025-07-22,2025-06-26
user_8pajssuu,org_253j2d54,user_8pajssuu@example.com,data_engineer,True,2025-05-20,2025-07-20
user_gyspengw,org_3t60rjiw,user_gyspengw@example.com,data_engineer,True,2025-07-16,2025-08-10
user_bmae38sr,org_a7tz0ync,user_bmae38sr@example.com,devops,True,2025-05-26,2025-08-14
user_jtgq01te,org_3t60rjiw,user_jtgq01te@example.com,data_engineer,True,2025-08-05,2025-08-17
user_9d31k9qm,org_0lvsnujz,user_9d31k9qm@example.com,data_engineer,True,2025-06-27,2025-06-24
user_3p91i3vm,org_0lzjjege,user_3p91i3vm@example.com,data_engineer,False,2025-06-15,2025-05-16
user_ktlzkj49,org_7e8g8jdp,user_ktlzkj49@example.com,developer,True,2025-06-03,2025-08-13
user_yd82795e,org_a7tz0ync,user_yd82795e@example.com,data_engineer,True,2025-05-16,2025-05-21
user_5iz31yru,org_41ibljh7,user_5iz31yru@example.com,admin,True,2025-06-03,2025-07-18
user_7n8la100,org_5935a0l7,user_7n8la100@example.com,developer,True,2025-06-26,2025-08-14
user_az39pecn,org_4zw9xa3k,user_az39pecn@example.com,data_engineer,True,2025-05-30,2025-06-27
user_0dl5e11e,org_53lc58dr,user_0dl5e11e@example.com,admin,True,2025-08-02,2025-06-09
user_9ftaxp0w,org_3t60rjiw,user_9ftaxp0w@example.com,data_engineer,True,2025-05-23,2025-07-20
user_ctwjlsh3,org_a7tz0ync,user_ctwjlsh3@example.com,developer,True,2025-07-09,2025-08-10
user_4cdpqvl0,org_5935a0l7,user_4cdpqvl0@example.com,developer,True,2025-07-10,2025-06-22
user_0ezzf8s2,org_5lxo6qji,user_0ezzf8s2@example.com,data_engineer,True,2025-05-15,2025-05-30
user_3jczucqm,org_5935a0l7,user_3jczucqm@example.com,data_engineer,True,2025-06-21,
user_hukwqvr1,org_1n13jcat,user_hukwqvr1@example.com,data_engineer,True,2025-05-06,2025-07-24
user_vffqot8h,org_a7tz0ync,user_vffqot8h@example.com,devops,False,2025-08-09,2025-08-07
user_3obyghgk,org_a7tz0ync,user_3obyghgk@example.com,developer,True,2025-07-22,2025-05-27
user_glh62c9t,org_0lzjjege,user_glh62c9t@example.com,data_engineer,True,2025-07-03,2025-07-18
user_uug95rlr,org_5lxo6qji,user_uug95rlr@example.com,devops,True,2025-06-08,2025-08-10
user_448n7odk,org_9t84azyt,user_448n7odk@example.com,analyst,True,2025-07-08,2025-08-06
user_ef828xg8,org_9mx2x18h,user_ef828xg8@example.com,devops,True,2025-07-15,2025-06-13
user_v78hu7f0,org_1t2tala7,user_v78hu7f0@example.com,data_engineer,True,2025-07-14,2025-07-26
user_i9g5dzx5,org_4zw9xa3k,user_i9g5dzx5@example.com,devops,True,2025-08-04,2025-06-27
user_5xyfc4kl,org_5lxo6qji,user_5xyfc4kl@example.com,analyst,True,2025-07-06,2025-07-10
user_1g983ep9,org_a7tz0ync,user_1g983ep9@example.com,devops,True,2025-07-20,2025-05-14
user_p9w4j66c,org_9t84azyt,user_p9w4j66c@example.com,data_engineer,True,2025-07-28,2025-06-06
user_spofv177,org_41ibljh7,user_spofv177@example.com,devops,True,2025-07-16,2025-06-17
user_vbjfvyb6,org_9t84azyt,user_vbjfvyb6@example.com,admin,True,2025-06-24,2025-06-12
user_li076a3k,org_0lvsnujz,user_li076a3k@example.com,devops,True,2025-07-26,2025-07-31
user_153sflse,org_1t2tala7,user_153sflse@example.com,analyst,True,2025-08-09,
user_xyjoa21a,org_afeyuhz1,user_xyjoa21a@example.com,analyst,True,2025-07-03,
user_6kf1622v,org_a7tz0ync,user_6kf1622v@example.com,developer,True,2025-06-19,2025-08-19
user_xyzx9jpn,org_874frhoc,user_xyzx9jpn@example.com,devops,False,2025-07-06,
user_ymenvg3k,org_253j2d54,user_ymenvg3k@example.com,data_engineer,True,2025-07-15,2025-05-24
user_k0vm59m6,org_afeyuhz1,user_k0vm59m6@example.com,developer,False,2025-08-02,2025-05-30
user_mg87oi0e,org_4zw9xa3k,user_mg87oi0e@example.com,developer,False,2025-07-19,2025-06-23
user_ntrfzwkx,org_5lxo6qji,user_ntrfzwkx@example.com,analyst,True,2025-05-26,
user_xjve3dze,org_5935a0l7,user_xjve3dze@example.com,developer,True,2025-06-16,2025-07-16
user_edhhjshz,org_874frhoc,user_edhhjshz@example.com,analyst,True,2025-06-16,2025-08-21
user_xgmpw5d3,org_3t60rjiw,user_xgmpw5d3@example.com,data_engineer,False,2025-06-02,2025-08-24
user_2ezc7fov,org_5lxo6qji,user_2ezc7fov@example.com,devops,True,2025-05-05,2025-07-01
user_2ygnmby4,org_a7tz0ync,user_2ygnmby4@example.com,devops,True,2025-07-16,2025-07-23
user_9e7eobjl,org_9t84azyt,user_9e7eobjl@example.com,data_engineer,True,2025-06-05,2025-07-31
user_zy1uu9ym,org_0lzjjege,user_zy1uu9ym@example.com,devops,True,2025-08-11,2025-06-27
user_4u9bxf44,org_5iqvnb4g,user_4u9bxf44@example.com,admin,True,2025-06-24,2025-06-12
user_5cri8bix,org_53lc58dr,user_5cri8bix@example.com,ml_engineer,True,2025-07-14,
user_oiq2q4qe,org_1n13jcat,user_oiq2q4qe@example.com,analyst,True,2025-08-09,2025-07-02
user_wkshy8nb,org_3t60rjiw,user_wkshy8nb@example.com,devops,True,2025-05-23,2025-06-20
user_7oq2zdo7,org_4zw9xa3k,user_7oq2zdo7@example.com,data_engineer,True,2025-07-13,2025-08-11
user_961j88qe,org_0lzjjege,user_961j88qe@example.com,ml_engineer,True,2025-07-26,
user_yp04k43s,org_a7tz0ync,user_yp04k43s@example.com,data_engineer,True,2025-07-21,
user_4yk1b3d5,org_3t60rjiw,user_4yk1b3d5@example.com,admin,True,2025-08-09,2025-05-25
user_wxrum2lh,org_874frhoc,user_wxrum2lh@example.com,data_engineer,True,2025-05-25,
user_pdtz91x7,org_a7tz0ync,user_pdtz91x7@example.com,admin,True,2025-05-05,2025-05-22
user_txw1vzc7,org_0lvsnujz,user_txw1vzc7@example.com,data_engineer,True,2025-05-29,2025-08-30
user_g24479qt,org_0lzjjege,user_g24479qt@example.com,admin,True,2025-08-04,2025-05-26
user_kcd0rlex,org_5iqvnb4g,user_kcd0rlex@example.com,developer,True,2025-07-15,2025-08-12
user_5ccasbuo,org_253j2d54,user_5ccasbuo@example.com,developer,True,2025-06-19,
user_8x80rmhr,org_5lxo6qji,user_8x80rmhr@example.com,ml_engineer,True,2025-05-15,2025-06-06
user_6sm5rrvs,org_4zw9xa3k,user_6sm5rrvs@example.com,admin,True,2025-07-12,2025-07-07
user_snbti22n,org_0lzjjege,user_snbti22n@example.com,data_engineer,False,2025-06-09,2025-07-04
user_eaxylnfx,org_7e8g8jdp,user_eaxylnfx@example.com,data_engineer,True,2025-07-18,2025-05-15
user_2rntjlmz,org_53lc58dr,user_2rntjlmz@example.com,devops,True,2025-06-16,2025-08-07
user_xphx2kbv,org_afeyuhz1,user_xphx2kbv@example.com,ml_engineer,True,2025-05-30,2025-06-04
user_sigbiaf9,org_9t84azyt,user_sigbiaf9@example.com,ml_engineer,True,2025-05-10,2025-08-07
user_cw9yil8s,org_5iqvnb4g,user_cw9yil8s@example.com,admin,True,2025-06-30,2025-06-16
user_d7yxw1tb,org_5lxo6qji,user_d7yxw1tb@example.com,data_engineer,False,2025-07-06,2025-08-02
user_soyg9zqy,org_253j2d54,user_soyg9zqy@example.com,analyst,True,2025-05-09,2025-07-03
user_kgeuidji,org_8mdd4v30,user_kgeuidji@example.com,data_engineer,True,2025-05-08,2025-07-16
user_pnf8f3gr,org_0lvsnujz,user_pnf8f3gr@example.com,devops,False,2025-07-20,2025-07-20
user_oyc3rwqm,org_9t84azyt,user_oyc3rwqm@example.com,devops,True,2025-05-31,2025-08-23
user_r9tjq8zg,org_9t84azyt,user_r9tjq8zg@example.com,admin,True,2025-07-23,2025-05-30
user_t2pnjka3,org_5lxo6qji,user_t2pnjka3@example.com,data_engineer,True,2025-07-05,2025-06-13
user_4mqa78ra,org_53lc58dr,user_4mqa78ra@example.com,data_engineer,True,2025-06-12,2025-07-31
user_pkianouo,org_41ibljh7,user_pkianouo@example.com,devops,True,2025-06-27,2025-08-31
user_btgdjz0i,org_9t84azyt,user_btgdjz0i@example.com,developer,True,2025-06-24,2025-08-02
user_0bq1s9ry,org_0lzjjege,user_0bq1s9ry@example.com,devops,True,2025-08-01,2025-06-20
user_12pgyme6,org_9t84azyt,user_12pgyme6@example.com,analyst,True,2025-07-25,
user_izxtnsrt,org_0lzjjege,user_izxtnsrt@example.com,developer,True,2025-08-04,2025-07-29
user_wlxdsc4e,org_253j2d54,user_wlxdsc4e@example.com,data_engineer,True,2025-05-16,2025-08-07
user_6c2cu7on,org_9mx2x18h,user_6c2cu7on@example.com,ml_engineer,True,2025-05-30,2025-07-20
user_l9ln1p0v,org_8mdd4v30,user_l9ln1p0v@example.com,devops,True,2025-05-27,2025-07-31
user_4a3yjtu7,org_1swjckjl,user_4a3yjtu7@example.com,developer,True,2025-06-19,2025-08-17
user_fbmenui3,org_a7tz0ync,user_fbmenui3@example.com,data_engineer,True,2025-08-01,2025-08-22
user_xva1nkbt,org_a7tz0ync,user_xva1nkbt@example.com,admin,True,2025-05-14,2025-08-18
user_thsjr0fz,org_0lzjjege,user_thsjr0fz@example.com,developer,True,2025-05-22,2025-05-29
user_bxanj4x5,org_1swjckjl,user_bxanj4x5@example.com,ml_engineer,True,2025-05-07,2025-07-05
user_thet25lz,org_9mx2x18h,user_thet25lz@example.com,ml_engineer,True,2025-06-23,2025-08-02
user_se99f77l,org_7e8g8jdp,user_se99f77l@example.com,analyst,False,2025-06-19,2025-06-24
user_dg1wjuii,org_8mdd4v30,user_dg1wjuii@example.com,analyst,True,2025-06-16,2025-06-10
user_q3b9so0u,org_a7tz0ync,user_q3b9so0u@example.com,data_engineer,True,2025-07-20,2025-05-28
user_vzhqjy62,org_253j2d54,user_vzhqjy62@example.com,developer,True,2025-06-15,2025-05-15
user_ptkezjss,org_4zw9xa3k,user_ptkezjss@example.com,devops,True,2025-05-29,2025-08-19
user_5m8kb9w4,org_afeyuhz1,user_5m8kb9w4@example.com,data_engineer,True,2025-07-02,2025-07-19
user_oriq8hke,org_253j2d54,user_oriq8hke@example.com,devops,True,2025-07-17,
user_efjawshm,org_1swjckjl,user_efjawshm@example.com,data_engineer,True,2025-07-14,2025-06-15
user_vv4zwl3z,org_0lzjjege,user_vv4zwl3z@example.com,data_engineer,False,2025-07-11,2025-08-21
user_brmqg1ve,org_9t84azyt,user_brmqg1ve@example.com,developer,True,2025-06-24,2025-05-23
user_2p2tixc7,org_1t2tala7,user_2p2tixc7@example.com,developer,True,2025-07-24,2025-06-18
user_urvqt3g8,org_9mx2x18h,user_urvqt3g8@example.com,ml_engineer,True,2025-06-04,2025-05-28
user_7p9mda9o,org_874frhoc,user_7p9mda9o@example.com,devops,True,2025-07-20,2025-07-24
user_txrgn74f,org_1n13jcat,user_txrgn74f@example.com,developer,True,2025-05-17,
user_gstqmgvu,org_3t60rjiw,user_gstqmgvu@example.com,developer,True,2025-08-05,2025-07-27
user_2qc6dr08,org_53lc58dr,user_2qc6dr08@example.com,devops,True,2025-08-06,2025-08-17
user_700ucrgb,org_5lxo6qji,user_700ucrgb@example.com,devops,True,2025-05-15,2025-08-17
user_gok01tnz,org_9mx2x18h,user_gok01tnz@example.com,ml_engineer,True,2025-07-21,2025-06-13
user_jq7w7jp6,org_1t2tala7,user_jq7w7jp6@example.com,developer,True,2025-06-14,2025-05-15
user_1lfc1nlc,org_1swjckjl,user_1lfc1nlc@example.com,devops,False,2025-07-03,2025-08-06
user_8jpr7vgr,org_5iqvnb4g,user_8jpr7vgr@example.com,data_engineer,True,2025-07-05,
user_f1hx6zdc,org_5lxo6qji,user_f1hx6zdc@example.com,devops,True,2025-05-09,2025-06-26
user_jz6us7rp,org_afeyuhz1,user_jz6us7rp@example.com,admin,True,2025-06-29,2025-08-18
user_0fgzvrct,org_0lzjjege,user_0fgzvrct@example.com,devops,True,2025-05-20,2025-05-20
user_be3yqy5f,org_afeyuhz1,user_be3yqy5f@example.com,developer,True,2025-08-08,2025-05-26
user_zegbl2qg,org_a7tz0ync,user_zegbl2qg@example.com,developer,False,2025-06-01,2025-06-21
user_39yl9ue4,org_1n13jcat,user_39yl9ue4@example.com,data_engineer,True,2025-05-22,2025-08-09
user_h1xjg2y8,org_a7tz0ync,user_h1xjg2y8@example.com,admin,True,2025-07-21,2025-07-15
user_rgybxkpm,org_41ibljh7,user_rgybxkpm@example.com,analyst,True,2025-05-23,
user_g84d4r9v,org_4zw9xa3k,user_g84d4r9v@example.com,devops,True,2025-06-11,2025-06-30
user_btr23qiu,org_8mdd4v30,user_btr23qiu@example.com,ml_engineer,True,2025-07-22,
user_kz40aq15,org_8mdd4v30,user_kz40aq15@example.com,developer,True,2025-06-01,
user_o2nqw4c6,org_41ibljh7,user_o2nqw4c6@example.com,devops,False,2025-08-02,2025-05-16
user_lbpj8t22,org_9t84azyt,user_lbpj8t22@example.com,ml_engineer,True,2025-07-18,2025-08-05
user_6k8djzr5,org_1t2tala7,user_6k8djzr5@example.com,data_engineer,True,2025-05-28,2025-06-17
user_swk8temp,org_253j2d54,user_swk8temp@example.com,data_engineer,True,2025-07-30,2025-08-08
user_mf4nnkm9,org_0lzjjege,user_mf4nnkm9@example.com,data_engineer,True,2025-06-17,2025-08-18
user_b34kuqaa,org_1t2tala7,user_b34kuqaa@example.com,data_engineer,True,2025-06-20,
user_w3stt1eq,org_253j2d54,user_w3stt1eq@example.com,devops,True,2025-06-06,
user_c37rln36,org_1n13jcat,user_c37rln36@example.com,developer,True,2025-06-26,2025-06-03
user_v1mzb3i4,org_3t60rjiw,user_v1mzb3i4@example.com,devops,True,2025-06-10,2025-08-18
user_11bd2sce,org_53lc58dr,user_11bd2sce@example.com,data_engineer,True,2025-07-27,2025-08-22
user_gk6t9dhs,org_53lc58dr,user_gk6t9dhs@example.com,analyst,True,2025-05-23,2025-06-14
user_znvp8gmn,org_0lvsnujz,user_znvp8gmn@example.com,developer,True,2025-06-17,2025-07-18
user_9mv9e40k,org_4zw9xa3k,user_9mv9e40k@example.com,data_engineer,True,2025-07-17,2025-08-12
user_r8wm9lbb,org_1swjckjl,user_r8wm9lbb@example.com,analyst,True,2025-07-31,2025-07-13
user_kmalq5u6,org_41ibljh7,user_kmalq5u6@example.com,data_engineer,True,2025-05-25,
user_jzv9nou3,org_874frhoc,user_jzv9nou3@example.com,data_engineer,True,2025-08-08,2025-07-01
user_dyms1mwn,org_9mx2x18h,user_dyms1mwn@example.com,developer,True,2025-06-02,2025-06-30
user_pthowq1g,org_1t2tala7,user_pthowq1g@example.com,data_engineer,True,2025-05-25,2025-05-26
user_nffykpl3,org_0lzjjege,user_nffykpl3@example.com,devops,True,2025-05-16,
user_cho3xjvo,org_9mx2x18h,user_cho3xjvo@example.com,admin,True,2025-06-06,
user_bfej2xg4,org_0lzjjege,user_bfej2xg4@example.com,ml_engineer,True,2025-07-07,2025-05-21
user_nz3a8v4x,org_afeyuhz1,user_nz3a8v4x@example.com,data_engineer,True,2025-06-29,2025-07-19
user_7y2itl8n,org_8mdd4v30,user_7y2itl8n@example.com,ml_engineer,True,2025-05-16,2025-08-01
user_jl6l91f4,org_1n13jcat,user_jl6l91f4@example.com,devops,True,2025-08-06,2025-08-31
user_45ed5ggs,org_41ibljh7,user_45ed5ggs@example.com,data_engineer,True,2025-06-11,
user_8va8x8l0,org_8mdd4v30,user_8va8x8l0@example.com,developer,False,2025-06-06,2025-06-27
user_08uhbxlb,org_afeyuhz1,user_08uhbxlb@example.com,ml_engineer,True,2025-07-17,2025-07-12
user_c8nog85d,org_0lzjjege,user_c8nog85d@example.com,data_engineer,True,2025-06-17,2025-08-03
user_r5rup13w,org_8mdd4v30,user_r5rup13w@example.com,analyst,True,2025-06-23,2025-05-14
user_egry58vr,org_9mx2x18h,user_egry58vr@example.com,data_engineer,True,2025-06-21,2025-06-02
user_w9myyoke,org_5lxo6qji,user_w9myyoke@example.com,devops,True,2025-07-13,
user_aea84hxx,org_0lzjjege,user_aea84hxx@example.com,devops,False,2025-05-06,
user_ffz8q4vh,org_0lzjjege,user_ffz8q4vh@example.com,ml_engineer,True,2025-07-22,2025-08-30
user_y3rztplc,org_3t60rjiw,user_y3rztplc@example.com,devops,True,2025-08-11,2025-05-20
user_4xekz83y,org_9mx2x18h,user_4xekz83y@example.com,developer,True,2025-06-30,2025-07-20
user_ba5mf36b,org_8mdd4v30,user_ba5mf36b@example.com,developer,True,2025-06-22,2025-07-19
user_ht2xz52o,org_4zw9xa3k,user_ht2xz52o@example.com,admin,True,2025-07-16,2025-06-06
user_hkbm00e9,org_0lzjjege,user_hkbm00e9@example.com,analyst,True,2025-06-03,2025-08-25
user_vi109dcn,org_8mdd4v30,user_vi109dcn@example.com,admin,True,2025-05-31,2025-08-05
user_wmbxek0q,org_41ibljh7,user_wmbxek0q@example.com,devops,True,2025-06-12,2025-08-29
user_ojrpp7r9,org_9t84azyt,user_ojrpp7r9@example.com,devops,True,2025-07-03,2025-08-22
