source,column,rows,nulls,null_pct
billing_monthly.csv,credits,240,137,57.08
billing_monthly.csv,currency,240,0,0.0
billing_monthly.csv,exchange_rate_to_usd,240,0,0.0
billing_monthly.csv,invoice_id,240,0,0.0
billing_monthly.csv,month,240,0,0.0
billing_monthly.csv,org_id,240,0,0.0
billing_monthly.csv,subtotal,240,0,0.0
billing_monthly.csv,taxes,240,0,0.0
customers_orgs.csv,hq_region,80,0,0.0
customers_orgs.csv,industry,80,0,0.0
customers_orgs.csv,is_enterprise,80,0,0.0
customers_orgs.csv,lifecycle_stage,80,0,0.0
customers_orgs.csv,marketing_source,80,0,0.0
customers_orgs.csv,nps_score,80,11,13.75
customers_orgs.csv,org_id,80,0,0.0
customers_orgs.csv,org_name,80,0,0.0
customers_orgs.csv,plan_tier,80,0,0.0
customers_orgs.csv,sales_rep,80,0,0.0
customers_orgs.csv,signup_date,80,0,0.0
marketing_touches.csv,campaign,1500,0,0.0
marketing_touches.csv,channel,1500,0,0.0
marketing_touches.csv,clicked,1500,0,0.0
marketing_touches.csv,converted,1500,0,0.0
marketing_touches.csv,org_id,1500,0,0.0
marketing_touches.csv,timestamp,1500,0,0.0
marketing_touches.csv,touch_id,1500,0,0.0
nps_surveys.csv,comment,92,10,10.87
nps_surveys.csv,nps_score,92,19,20.65
nps_surveys.csv,org_id,92,0,0.0
nps_surveys.csv,survey_date,92,0,0.0
resources.csv,created_at,400,0,0.0
resources.csv,org_id,400,0,0.0
resources.csv,region,400,0,0.0
resources.csv,resource_id,400,0,0.0
resources.csv,service,400,0,0.0
resources.csv,state,400,0,0.0
resources.csv,tags_json,400,83,20.75
support_tickets.csv,category,1000,0,0.0
support_tickets.csv,created_at,1000,0,0.0
support_tickets.csv,csat,1000,254,25.4
support_tickets.csv,org_id,1000,0,0.0
support_tickets.csv,resolved_at,1000,240,24.0
support_tickets.csv,severity,1000,0,0.0
support_tickets.csv,sla_breached,1000,0,0.0
support_tickets.csv,ticket_id,1000,0,0.0
usage_events_stream,carbon_kg,43200,10800,25.0
usage_events_stream,cost_usd_increment,43200,0,0.0
usage_events_stream,event_id,43200,0,0.0
usage_events_stream,genai_tokens,43200,40068,92.75
usage_events_stream,metric,43200,0,0.0
usage_events_stream,org_id,43200,0,0.0
usage_events_stream,region,43200,0,0.0
usage_events_stream,resource_id,43200,0,0.0
usage_events_stream,schema_version,43200,0,0.0
usage_events_stream,service,43200,0,0.0
usage_events_stream,timestamp,43200,0,0.0
usage_events_stream,unit,43200,2075,4.8
usage_events_stream,value,43200,877,2.03
users.csv,active,800,0,0.0
users.csv,created_at,800,0,0.0
users.csv,email,800,0,0.0
users.csv,last_login,800,139,17.38
users.csv,org_id,800,0,0.0
users.csv,role,800,0,0.0
users.csv,user_id,800,0,0.0
